contribution_ext_id,pm_name,sitting_date,debate_section,is_pmqs,contribution_text,sentiment_label
87948FF6-9B7D-4143-9C7B-8795BA3598E8,Boris Johnson,2019-07-25,Priorities for Government,False,"Those guarantees, as the hon. Gentleman knows, we are giving unilaterally, in a supererogatory way. Of course, I want to see a symmetrical response from the other side of the channel, but I think that we should be very proud of the steps that we are taking.",
50FC2D74-93A1-4875-9E4C-FBA4C82515D7,Boris Johnson,2019-07-25,Priorities for Government,False,"As far as I can remember, in 2014 the people of Scotland had a referendum, and the hon. Lady’s side did not prevail; the people of Scotland voted to remain part of the United Kingdom, from which there are many benefits—economic, political and geo-strategic. That is a great future for the people of Scotland, and one that I think will prevail.",
CF2272AA-5564-476E-873C-35F608FA9300,Boris Johnson,2019-07-25,Priorities for Government,False,"The automotive sector globally is suffering a contraction, partly as a result of the diesel crisis and the move to electric vehicles, and what is happening with demand in China; that is a fact. There is, as far as I know, no impact in Sunderland yet, but I draw the hon. Lady’s attention again to the massive investments that are none the less happening in our country, including in Oxford and Birmingham, with world-beating companies investing in British technology. It is worth billions of pounds, and we should salute it.",
6FD6A3F6-6EEE-4476-B907-77374305B099,Boris Johnson,2019-07-25,Priorities for Government,False,"I thank my hon. Friend for his campaign for safer streets in his constituency, and I was proud to work with him in London when we reduced serious youth violence by 32%. We reduced the murder rate by 50%—not even the pessimists and doubters on the Opposition Benches could contest that—and we kept that rate at fewer than 100 a year for four or five years running. We reduced knife crime in London with a very active policy of stop and search. I know Labour Members opposed that, but they were wrong, and we took thousands of knives—11,000 knives—off the streets of London. We saved lives across the city, and my hon. Friend can be proud of what he did to help that campaign.",
0DE78692-663F-4187-9740-10B28E5E5B34,Boris Johnson,2019-07-25,Priorities for Government,False,"We must work with our partners around the world to make sure that non-resident parents fulfil their duties. As the hon. Lady knows, there are conventions to insist on that.",
20DB5486-D80A-4994-8260-C76099CA7FD6,Boris Johnson,2019-07-25,Priorities for Government,False,"My hon. Friend is entirely right. We should promote mental health in this country by giving businesses incentives to look after the mental health of their employees, and prevent the burden from falling so heavily on the NHS and social services.",
7A03A9FA-2EF6-4F2F-9D70-BD6CCED22582,Boris Johnson,2019-09-04,Engagements,True,"The Chancellor of the Duchy of Lancaster said absolutely no such thing, and I can tell the right hon. Gentleman that, thanks to my right hon. Friend’s good offices and thanks to his efforts, preparations for no deal are very far advanced. I can also tell him that the surest way of getting no deal is to undermine this country’s ability to negotiate, which is what he is doing. If this Bill is passed this afternoon—I do not want an election, and I do not think that the right hon. Gentleman wants an election, but there is a petition on his own Labour website in which 57,000 people, including Carol, Nigel, Graham and Phoebe, have called for an election. I do not know whether there is a Jeremy on the list. I do know that the right hon. Gentleman is worried about free trade deals with America, but I can see only one chlorinated chicken in the House, and he is sitting on the Opposition Front Bench. Will he confirm that he will let the people decide on what he is doing to this country’s negotiating position by having a general election on 15 October?",
41A68F93-F393-4DA9-9D7C-596BBEF2992F,Boris Johnson,2019-09-04,Engagements,True,"I must correct the hon. Gentleman because, in fact, unemployment is well down in his constituency, employment is up and health outcomes are up. When I made those remarks, which was many, many years ago, it was, I am afraid, when his constituency had the sad misfortune to have a Labour Government in power. That is no longer the case.",
8EA34E94-0D83-4112-B1C7-8C5FB8518FBA,Boris Johnson,2019-09-04,Engagements,True,"I am not going to take any lectures from anybody in the Labour party about how to run a party. Theirs is a party in which good, hard-working MPs are daily hounded out by antisemitic mobs. Let us be absolutely clear: if the hon. Gentleman is interested in democracy, I hope he has been listening to what I have been saying today. In an anti-democratic way, the Bill that will come before the House today would hand over this country’s right to decide how long to remain in the EU, and it would hand it over to the EU itself. That is what the Bill involves. If the hon. Gentleman thinks that is a good idea, let him submit it to the judgment of the British people in an election.",
FBAB0523-0AC1-46BE-A948-CB6C06D1A8A4,Boris Johnson,2019-09-25,Prime Minister's Update,False,"I really think that my hon. Friend puts her finger on the issue. This has been an opportunity, in this crucible of the nation, this intellectual forcing house, for hon. Members to suggest any solutions or ideas, if they had any, for how to take forward a deal between us and our much-valued European Union friends and partners. If they had a single notion about how to do it, or if they thought I was missing a trick or they had some idea, this would have been their moment, but we have not heard anything—nothing remotely positive, not a single idea, zilch—from Opposition Members, and I think that will have been noted by people watching.",
018FEFC3-DEA0-4553-B76E-98D07FEF1F62,Boris Johnson,2019-09-25,Prime Minister's Update,False,"With your leave, Mr Speaker, I will keep my answers pretty staccato from now on, because I have answered these points quite a lot. If people care about their constituents—it is quite proper, of course, that they should in every possible way—they should honour the will of their constituents and respect our democratic proceedings.",
FD16C791-E1BD-4925-9E29-C82644B852E9,Boris Johnson,2019-10-03,Brexit Negotiations,False,"I find that a slightly ironic question, given that it is the avowed policy of the Scottish nationalist party to give back control of Scotland’s stupendous marine wealth to Brussels.",
B2BF8146-B63B-4099-855C-C239EBC8D318,Boris Johnson,2019-10-03,Brexit Negotiations,False,"The hon. Lady raises one of the crucial questions that the proposals evoke. It is obviously now a matter for discussion with our friends not only in Dublin but around the EU. We do think there is a way forward, and I am happy to keep the hon. Lady abreast of our way forward as we go there. It must be done, one way or another, by consent.",
C1647FBB-D718-4EAC-A01C-2290B376AC72,Boris Johnson,2019-10-22,European Union (Withdrawal Agreement) Bill,False,"We have been very clear that we will maintain the highest possible standards, but I am very happy to study what the hon. Lady says and can assure her that whatever the House believes has been omitted can easily be replaced.",
77AD239A-74EB-40F2-AB7A-A3589CD89B3F,Boris Johnson,2019-10-22,European Union (Withdrawal Agreement) Bill,False,"I can indeed give that assurance, and the best way to avoid any problems whatever is to vote for this deal tonight.",
6DA4505E-E757-4E2D-B2E0-20E2E8962B4B,Boris Johnson,2019-12-19,Debate on the Address,False,"I will happily give way—if the hon. Gentleman is opposed to helping struggling commuters, I am delighted to hear from him.",
9E4E9181-46CE-47A3-B0C0-62BCC6456ED6,Boris Johnson,2019-12-20,European Union (Withdrawal Agreement) Bill,False,"No, I will not give way. We must now begin building our future relationship with the EU. Our aim is to provide a close friendship between sovereign equals, to promote our common interests, inspired by pride in our European heritage and civilisation. Clause 3 of the political declaration invokes that spirit, establishing “the parameters of an ambitious, broad, deep and flexible partnership” rooted in our shared “history and ideals” and “standing together against threats to rights and values from without or within”. I am absolutely determined that this great project will be the project not of one Government or one party, but of the British nation as a whole, so Parliament will be kept fully informed of the progress of these negotiations.",
5BEA2A36-0BBE-4265-AFE7-F4F5AAE6991C,Boris Johnson,2020-01-15,Engagements,True,"I will be commemorating Holocaust Memorial Day along with my hon. Friend and others. As he knows, this Government and this House—people across the House—want to do absolutely everything we can to stamp out the resurgence of antisemitism. As someone who is now 55 years old, I find it absolutely incredible that antisemitism is rising again in this country in the 21st century. It is a disgrace, and we must stamp it out.",
5F81B278-7500-44C1-A12D-3558F4C97FBD,Boris Johnson,2020-01-22,Engagements,True,I might take the hon. Gentleman more seriously if he would deal with the fact that 60% of Scotland’s trade is with the rest of the United Kingdom. His proposals for a break-up of the United Kingdom would necessitate a border at Berwick. He is proposing that the pensioners of Scotland should have their assets now denominated in a new currency whose name the SNP cannot even specify.,
2DC48F9E-158D-4E1F-A86E-05E7447737B2,Boris Johnson,2020-01-29,Engagements,True,"I congratulate my hon. Friend on speaking up for Carshalton and Wallington, and on drawing attention to investment in the NHS. That investment is increasing under this Government, and we have now legislated for it, not just for this year, not just for next year, but for every year of this Parliament.",
87E4BF76-A0F6-431F-A2FA-74350745D4EA,Boris Johnson,2020-02-05,Engagements,True,"The whole House will want to pay tribute to the police and all the emergency services for their brave response to the terrorist incident in Streatham on Sunday. That appalling incident makes plain the case for immediate action, and we will shortly introduce emergency legislation to ensure that we do everything to protect the public. This morning I had meetings with ministerial colleagues and others. In addition to my duties in this House, I shall have further such meetings later today.",
EBCE9260-F735-4FDD-BEAD-1B1AA33829B6,Boris Johnson,2020-02-12,Engagements,True,"The answer was in the question, Mr Speaker. My hon. Friend makes an excellent point about the potential of Blyth, although I must remind him that the allocation of freeports will be decided in an entirely fair and transparent way.",
4AB5F1E0-1A94-4C66-967E-7E3F8294A8C4,Boris Johnson,2020-02-12,Engagements,True,"I thank my hon. Friend for raising this. Knife crime is intolerable, and its recent rise must be combated. That is why we brought in knife crime prevention orders, which give police the powers, where they suspect a knife crime is about to be committed, to make the interventions that are needed. That is why we are putting 20,000 more police on our streets, with the encouragement and the political support they need to carry out stop and search.",
B6DCB679-665E-4A03-8899-238A2758773C,Boris Johnson,2020-02-26,Engagements,True,"I am not going to comment on the vituperation that is meted out by the Opposition party, but what I will say is that all voters should be treated with respect and with humility. I congratulate my hon. Friend on the hard work that he is doing for the people of Mansfield: £10 million for West Nottinghamshire College; £20 million for road improvements; £5 million for proactive lung health screenings; and up to £50 million in a new town deal and future high streets fund. In my view, the people of Mansfield are well served by him.",
C9E95CEA-D350-4F6F-A9A3-6127DF94407E,Boris Johnson,2020-02-26,Engagements,True,"Since the flooding began, this Government have been working flat out night and day to ensure that the people of this country get the support they need. We have activated the Bellwin scheme, ensured that businesses get the rate relief that they need and, as I told the House just now, put £2.6 billion into flood defences, with £4 billion more to come.",
51E68039-F5CA-4715-8111-FF9813FE9143,Boris Johnson,2020-03-11,Engagements,True,"I know the whole House will wish to join the right hon. Gentleman in wishing my hon. Friend the Mental Health Minister a speedy recovery; having talked to her, I know that she will make one. I know, Mr Speaker, that you have issued a letter to everybody across the parliamentary estate, and as you say in your letter, we will be “guided by Public Health England…in our response to this situation”. It is also providing guidance to hon. Members and to their offices. As the right hon. Gentleman knows, in just a few minutes we will be hearing from my right hon. Friend the Chancellor about what measures we are taking to protect everybody. As he knows, we have already brought forward statutory sick pay from day 4 to day 1, but for those who are on all types of contracts, we will ensure that they get the protection that they need and nobody who does the right thing by staying at home is penalised.",
9A30CA28-A12F-4FB8-9500-92862DD143B8,Boris Johnson,2020-03-11,Engagements,True,"I congratulate my hon. Friend and the people of Darlington on the historic role they played in our railway history and heritage, and I will do what I can to support his campaign to prevent Darlington from being despoiled of the iconic Locomotion No. 1.",
6E6E9031-C7DB-4C54-B4DB-1435E87053A2,Boris Johnson,2020-03-25,Engagements,True,"We have been very clear that everybody should work at home if they possibly can, and construction should only take place in a way that is in accordance with Public Health England and industry advice.",
EB2BB4A6-075B-42EF-8EF2-2C953E48BD4F,Boris Johnson,2020-05-11,Covid-19: Strategy,False,"This country has made huge progress in the last two months, and thanks to our collective efforts we have got the R down below one. Now is the time to make small, calibrated changes, respectful always of the science and the risk of a second spike. That is why we are emphasising that if you must go to work and cannot work from home, you should do so, provided—the hon. Gentleman is right to draw attention to this—that your workplace is covid secure, and that you observe the rules on social distancing. We are publishing further guidance on that. It is common sense, and I think the British people understand what we are trying to do. I think they also understand that this is the right time to begin those modest steps.",
3AEAC403-36BF-4E4A-9CAF-B555618BD403,Boris Johnson,2020-06-10,Engagements,True,"What I can say is that we will unite and level up with infrastructure projects across our country. I congratulate my hon. Friend on his lobbying for that particular scheme and can tell him that last year we put £31 million into the Preston western distributor scheme, which is a new dual carriageway that will reduce congestion in Preston and lead directly to the creation of 3,000 houses and more than 500 jobs. As for further expansion of the M55, my hon. Friend will have to wait, but there will be further announcements in due course.",
8318CB39-F0EF-440A-98F2-6CACD0109B78,Boris Johnson,2020-06-23,Covid-19 Update,False,"I say to my right hon. Friend—I should have said this to the right hon. Member for Dwyfor Meirionnydd (Liz Saville Roberts)—that we are in very regular contact with all the devolved Administrations. We are much more in lockstep than might be thought. On the particular matter of hospitality in Wales, I hear him loud and clear, and I think that point will be heard loud and clear in Cardiff. We look forward to hearing further announcements.",
C3AA85CB-349A-49B5-807E-6B25C38D5147,Boris Johnson,2020-06-24,Engagements,True,"I am happy to point out to m’learned friend that actually, there are 100,000 fewer children in absolute poverty and 500,000 fewer children falling below thresholds of low income and material deprivation. This Government, as he knows, are massively increasing universal credit with £7 billion more to help the poorest and neediest families in our country. We are getting on with it. We are taking the tough decisions. He still cannot make up his mind. Talking about child poverty, the single biggest determinant of a child’s success is whether he or she goes to school. The right hon. and learned Gentleman still will not say whether children should go. I think it is absolutely infamous for him to come to the House one day and say he supports the programme and then, the next day, not to confirm that he wants kids to go to school now.",
7CFE260D-F583-4D0A-9A7B-E51661DC257F,Boris Johnson,2020-07-08,Engagements,True,"I think I have answered the right hon. Gentleman’s question already. I believe it is absolutely essential that we invest in our people and protect them from the effects of this epidemic, as we have done at huge expenditure, quite rightly, but it is also essential that we get the economy moving, including in Scotland. I hope that he supports that objective as well.",
69EFE1A9-177E-4594-BFD2-EA6A2EE2D1BD,Boris Johnson,2020-09-09,Engagements,True,"I note that the right hon. and learned Gentleman will not take back his criticism and his attack on NHS Test and Trace, and I regret that. I gave him the opportunity to withdraw his verdict that it was on the verge of collapse: it is not. It is doing a heroic job and testing hundreds of thousands of people. Yes, we will do more, and the world we want to move to as fast as possible is a world in which everybody can take enabling tests at the beginning of the day and antigen tests to identify whether or not we have the virus., like a pregnancy test, within 15 minutes or so, so that we know whether we are able to live our lives as normally as possible. That is the vision that the Health Secretary and others have been sketching out over the last few days and that is where we intend to get to. In the meantime, NHS Test and Trace is doing a heroic job, and today I can tell the right hon. and learned Gentleman that most people get an in-person test result within 24 hours, and the median journey is under 10 miles if someone has to take a journey to get one.",
97BCB35E-6796-4507-9DDB-C74520A61068,Boris Johnson,2020-09-14,United Kingdom Internal Market Bill,False,"No, not in the least. My right hon. and learned Friend can consult the Attorney General’s position on that. After all, what this Bill is simply seeking to do is insure and protect this country against the EU’s proven willingness—that is the crucial point—to use this delicately balanced protocol in ways for which it was never intended. The Bill includes our first step to protect our country against such a contingency by creating a legal safety net taking powers in reserve, whereby Ministers can guarantee the integrity of our United Kingdom. I understand how some people will feel unease over the use of these powers, and I share that sentiment. I say to my right hon. and learned Friend that I have absolutely no desire to use these measures. They are an insurance policy, and if we reach agreement with our European friends, which I still believe is possible, they will never be invoked. Of course, it is the case that the passing of this Bill does not constitute the exercising of these powers.",
B1AE35F5-973F-4B19-8543-DF01B668E875,Boris Johnson,2020-09-22,Covid-19,False,"It is essential that we have the most powerful possible public health organisation in this country. The Joint Biosecurity Centre now needs to come together with Public Health England to deliver what I believe will be a better service for this country. In fact, the change to which the hon. Lady refers will not happen until next year, but we are getting it under way now.",
6D1A2BFF-8B2F-42EF-99DA-5B075625D289,Boris Johnson,2020-09-23,Engagements,True,"What I can certainly tell the right hon. Gentleman is that the furlough scheme has already been extended until the end of October, and people should be in no doubt about that. As I have said before, we will continue to provide the best support we can possibly give to keep people in jobs and to get people into work—new jobs are being created—while suppressing the virus. I can imagine that he does not want a hug from me, but that was a metaphor. It is physically incarnated by the £12.7 billion of Barnett consequentials that we are seeing come from the UK Exchequer to support people across the whole of our country.",
DB05E27B-2F40-4B44-864A-14E1DED5549E,Boris Johnson,2020-09-30,Engagements,True,"We have changed the law to ask landlords to provide tenants with at least six months’ notice before eviction. We are not going to have evictions in lockdown areas, there will not be any enforcement of evictions over Christmas and we are putting £180 million into discretionary payments for local authorities to help hardship cases. We are also embarking on a huge programme to build hundreds of thousands more homes, particularly affordable homes, which I hope the hon. Gentleman’s constituents will want to buy and to part-buy.",
76B18861-952A-4BF0-B0B9-43DC4DA1EE08,Boris Johnson,2020-10-12,Covid-19 Update,False,"The hon. Member makes an important point but, with respect to her, we are aware of that phenomenon—data showing where students, or anybody, are registered with their GP, rather than where the transmission is taking place—so we obviously aim off for that.",
5289F4E6-D745-472E-A6C3-3546380B020F,Boris Johnson,2020-10-12,Covid-19 Update,False,"That is exactly right. That is the strategy that we have been pursuing for some time now, and that is why it is necessary to intensify the restrictions in some areas.",
95B2647A-15BA-47AA-819A-B721377A03FF,Boris Johnson,2020-10-14,Engagements,True,"This morning I had meetings with ministerial colleagues and others. In addition to my duties in this House, I shall have further such meetings later today.",
B4BB9708-F691-482C-BBDE-FCD1C434AC7C,Boris Johnson,2020-10-21,Kettering General Hospital,False,"I am delighted that Kettering General Hospital is part of the biggest hospital building programme in a generation. I can tell my hon. Friend that the infrastructure delivery taskforce is already involved in delivering the health infrastructure programme, which includes Kettering General Hospital.",
7F4CA2C2-5952-495C-A61F-8A9CC905793F,Boris Johnson,2020-11-02,Covid-19 Update,False,"I am happy to provide all the scientific data on which these decisions have been made, but I think the House will appreciate that for any particular human activity, one can always find an arguable exemption from these measures—or from many of them. The difficulty is that to be consistent and have a package that works, we need a thoroughgoing series of measures of the kind that we have described. I bitterly regret that we have to curtail for 28 days football clubs and sporting activities in the way that we are—I bitterly, bitterly regret it—but I believe that that is necessary to get the R down.",
2A7F2414-433E-4B0E-920E-93515AB55C6F,Boris Johnson,2020-11-04,Engagements,True,"I hesitate to accuse the hon. Lady of not listening to what I have just said, but I want to repeat that the furlough is a UK-wide scheme that will, of course, continue to be available to the people of Scotland. For any further elucidation of the details of the entire package of support that this Government are putting in place for the people of the entire UK, I direct her to what my right hon. Friend the Chancellor will say tomorrow.",
8A1F307B-0F80-46F4-9907-E41AE6BE0648,Boris Johnson,2020-11-11,Engagements,True,"Of course we publish all contracts, and quite right too. I would just respectfully remind the hon. Lady, as I reminded the Leader of the Opposition earlier, that it is absolutely necessary in a massive global pandemic to work with those in the private sector, not to scorn them or despise them, and to understand that it is they who make the PPE and the tests. Indeed, it is thanks to the researches of giant conglomerates—which Labour would break up if it could—that we have the possibility of a vaccine.",
4E9D8CED-C4B6-4C0A-A071-FFD8AFD8AD80,Boris Johnson,2020-11-19,Integrated Review,False,"The hon. Gentleman asks a very interesting question about a hypothetical political event that is at least a generation away. What I can say is that there is absolutely no threat to the Black Watch, to DFID in East Kilbride or to any of the other fantastic investments that this package brings to Scotland. It is a fantastic thing for our country and for our Union.",
DD1C6AD5-76C9-4012-A428-CC60653ABCAC,Boris Johnson,2020-11-25,Engagements,True,"It is this party and this Government who have given key workers and public sector workers above-inflation pay rises this year, as the right hon. and learned Gentleman knows, whether that is the police, the Army or nurses, who are now getting 12.6% more than they were three years ago. It is this Government who will continue to increase the living wage, as he will discover if he can just contain his impatience for a few minutes. Indeed, it is this Government who have not only delivered free school meals and a vast increase in spending on development around the world but have looked after the poorest and the neediest. One of the most important facts about the £200 billion coronavirus package of support that the Chancellor has devised for lives and livelihoods across the country is that the benefits overwhelmingly prioritise the poorest and neediest in the country. The reason we can do that is because we have a Government who understand how to run a strong economy and who ensure that they take the tough decisions now that will allow our economy to bounce back—that is what this Government are doing.",
399EA452-EE6A-45DE-9260-380B4C788051,Boris Johnson,2020-11-25,Engagements,True,"My hon. Friend is dead right. What we are going to do is use the new freedoms we have after leaving the common agricultural policy to support farmers to beautify the landscape to make it less prone to flooding, and we are putting £640 million from the nature for climate fund into helping to support the planting of 30,000 hectares of trees by 2025—every year by 2025.",
8E92B867-3740-48CC-82A1-95E2B890A20D,Boris Johnson,2021-01-06,Covid-19,False,"Yes, indeed. I thank my hon. Friend for his words about the vaccine taskforce. It was, as I say, satirised by the right hon. and learned Member for Holborn and St Pancras (Keir Starmer), which I think was a mistake. We will do everything we can to roll out the vaccine to my hon. Friend’s constituency and all constituencies across the country.",
A7034798-EB81-4BEB-9C94-D9229935A969,Boris Johnson,2021-01-20,Engagements,True,"I think it is very important that the Prime Minister of the UK has the best possible relationship with the President of the United States—that is part of the job description, as I think all sensible Opposition Members would acknowledge. When it comes to global leadership on the world stage, this country is embarking on a quite phenomenal year. We have the G7 and COP26, and we have already led the world with the Gavi summit for global vaccination, raising $8.8 billion. The UK is the first major country in the world to set a target of net zero carbon emissions by 2050—all other countries are following, and we hope that President Biden will join us. We are working to promote global free trade, and of course we will work with President Biden to secure the transatlantic alliance and NATO, which of course the Scottish nationalist party would unbundle—I think they would; I do not know what their policy is on our armed services, but I think they would break them up. Perhaps they would like to explain.",
254C3242-91C8-4727-AA6C-C32ECC8A8A74,Boris Johnson,2021-01-20,Engagements,True,"The Home Office is actively working to assess the damage. As the right hon. and learned Gentleman will know from the urgent question that was held in the House only a few days ago, it believes that it will be able to rectify the results of this complex incident, and it hopes very much that it will be able to restore the data in question.",
CCC4C635-A828-4A2B-ACF0-5E6D274B5100,Boris Johnson,2021-01-27,Engagements,True,"I am grateful to the right hon. and learned Gentleman for meeting the families of the bereaved, as I have done and I know Members of the House have done throughout the pandemic. It is important that we do that. The message that I would give those families is the same that I have given everybody I have met: I of course deeply personally regret the loss of life and the suffering of their families, but I think the best thing that we can do to honour the memory of those who have died and to honour those who are currently grieving is to work together to bring this virus down and to keep it under control in the way that we are. Throughout this pandemic, I am sad to say that the Leader of the Opposition has never failed in his efforts to try to score political points when he could be doing just that. He has twisted, and he has turned. One week, he calls for tougher border measures after the shadow Transport Secretary called for a looser quarantine. He calls for schools to go back, but he will not even say this morning that schools are safe. He tries to associate himself now with the vaccine programme, because he senses that that may be going well, but he stood on a manifesto to unbundle the pharmaceutical companies—the big pharma—that made those vaccines possible. I know you want me to sit down, Mr Speaker, but I want to make this point, because I tried to make it last week. The right hon. and learned Gentleman even attacked the vaccine taskforce for spending £675,000 on an effort to discover whether hard-to-reach groups would take a vaccine. I really cannot think of a better investment right now of public funds, and I hope that later on this afternoon, he might think of apologising for what he did and for that attack on the vaccine taskforce. The Opposition and the right hon. and learned Gentleman can go on making their party political points. We will go on, with or without his help, in taking this country forward, fighting the pandemic and getting coronavirus down.",
F4A0A648-39B0-4DC9-B2DD-86B0663575D3,Boris Johnson,2021-02-03,Engagements,True,I appreciate the desire of the hon. Lady to find a solution. I am aware of the problem she refers to and the flooding in the tunnels. We will certainly work with Lancashire County Council to mitigate the problem—to sort it out. To repeat: we have the funds available and will make sure that it is done.,
69DC2AFC-D65F-4BFF-8F4E-978D55734A96,Boris Johnson,2021-03-10,Engagements,True,"That was a delightfully concise question, but the hon. Member is wrong about the difference between Erasmus and the Turing project. Unlike the Erasmus scheme, which overwhelmingly went to kids from better-off homes, the Turing project is designed to help kids across the country, of all income groups, get to fantastic universities around the world.",
28249D05-15E4-4C66-A113-3B019D045B17,Boris Johnson,2021-03-17,Engagements,True,"The hon. Lady is quite right to stick up for peaceful protest, and I understand and sympathise with that, but there are a couple of points. First, we are facing a pandemic in which, alas, we have to restrict human contact—[Interruption.] Although the hon. Lady shakes her head, I think the people of this country do understand that and do understand the restrictions we are now under. I think we also have to strike a balance between the need to allow peaceful protests to go ahead, and we do on a huge scale in this country, and the need to protect free speech and vital parts of the UK economy.",
A3B803D8-D826-44DE-824F-172FC3890951,Boris Johnson,2021-03-24,Engagements,True,I thank the hon. Lady for raising the case. My deepest sympathies are with Danielle and her family. I will make sure that the relevant Health Minister meets her to discuss the case as fast as possible.,
40589AF1-97D4-4213-B681-B02650E87DC6,Boris Johnson,2021-03-24,Engagements,True,"The last 12 months have been the most difficult for a generation, and I know that the thoughts of the whole House are with all those who have lost loved ones during the pandemic. I also want to pay tribute to every person in this country for playing their part, whether working on the frontline, staying at home to prevent the spread of the virus, or working on vaccine development and supply. It is that vaccination programme that has brought hope, allowing us to set out the cautious but irreversible road map out of lockdown. This morning, I had meetings with ministerial colleagues and others, and in addition to my duties in this House I shall have further such meetings later today.",
2DE69A95-3F3C-4AE9-BE5F-C681D77DB3E5,Boris Johnson,2021-04-14,Engagements,True,"My hon. Friend is completely right. This has been a colossal team effort. It has been led by the NHS, with GPs very often doing the lion’s share of the work, but they have been supported by the Army, by local council officials, who have also been absolutely magnificent, and, as colleagues have said, by volunteers as well.",
2CC86BAE-B534-4C8F-8C9D-2AF2FEBA2594,Boris Johnson,2021-04-21,Engagements,True,"The Global Polio Eradication Initiative has been backed by £1.37 billion of UK aid since 1995. As the hon. Lady rightly says, there are many proud successes of that programme, and polio across the planet, largely thanks to the help of the British taxpayer, has been almost eliminated.",
2ED01B7F-7D1D-402A-BAA2-7333442D40D6,Boris Johnson,2021-05-12,Covid-19 Update,False,"The hon. Lady makes an excellent point, and I am sure the chairman of the inquiry will want to consider that as we set up the inquiry in due course. I certainly do not the exclude the possibility that the inquiry would want to look at long covid.",
CE593793-DBE5-4475-9CB3-4D874D913AF9,Boris Johnson,2021-05-19,Engagements,True,"I think that, after more than a year of this, the right hon. and learned Gentleman will understand that what the public would like to see is some effort to back up what the Government are saying to deliver clarity of message. On his point about legal bans, as he knows, we are trying to move away from endlessly legislating on everything and to rely on guidance and asking people to do the right thing. It is very, very clear, Mr Speaker: you should not be going to an amber list country except for some extreme circumstance, such as the serious illness of a family member. You should not be going to an amber list country on holiday. I can imagine that the right hon. and learned Gentleman wants to take a holiday, but he should not be going to an amber list country on holiday. If people do go to an amber list country then, as I say, we will enforce the 10-day quarantine period. If they break the rules, they face very substantial fines.",
97F2D511-1664-4CC9-A926-65058F3652C3,Boris Johnson,2021-05-19,Engagements,True,"The right hon. Gentleman is completely wrong, and he should look at the Bill when it comes forward, because we want to protect the green belt. We want to protect our wonderful open spaces. This is a Government who understand the value of the countryside and rural Britain, but we also think that young people have been deprived for too long of the ability to get on to the housing ladder. That is not just in the south-east, but across the country, and that is why we are bringing forward sensible reforms to allow brownfield sites to go ahead.",
D0FCC3D5-38DB-4ADD-9825-CF0ADB665CC8,Boris Johnson,2021-06-16,G7 and NATO Summits,False,"I am afraid the hon. Gentleman is running down the UK’s efforts, as well as what the summit achieved, which is 1 billion more vaccines, on top of the 1 billion that G7 countries have already committed to distributing around the world. This is only six months after these vaccines were invented—it is an astonishing thing! He attacks the performance of Britain and the people of the UK, but let me remind him that we in this country are responsible for one-third of the 1.5 billion vaccines that have been distributed around the world. When will he get that into his head? That is a fantastic record, on top of the 1.6 billion that we have been contributing to that COVAX roll-out. I think the people of this country should be immensely proud of the Carbis Bay declaration and the vaccines contribution that we are making. We are working as fast and as hard as we can, while still getting vaccines into the arms of our own people in this country, and that is absolutely right.",
90A0395A-D123-40F4-B041-78783D54C660,Boris Johnson,2021-06-30,Engagements,True,"There was a new Health Secretary the following day, and the whole country can see that. We are getting on with our agenda of vaccinating the population of this country through the energy and application of the new Secretary of State for Health and the Department of Health. I thank them and I congratulate them. It is as a result of that vaccine roll-out—which, as I say, would have been fatally impeded had we followed the policies of the Labour party—that we now have a higher wall of vaccination than virtually any other country in the world and are able to proceed with our cautious but, we hope, irreversible unlocking of the UK economy, with the result that growth is up to levels we have not seen since last July, and jobs are up. The Leader of the Opposition calls for us to act faster in removing Cabinet Ministers. It took him three days, as I say, to give the right hon. Member for Ashton-under-Lyne three new jobs—shadow Chancellor of the Duchy of Lancaster and shadow Secretary of State for the future of work. We create jobs; he creates non-jobs. He dithers; we deliver.",
A2FA35DF-78BC-48F9-B56E-E78D8BC343F9,Boris Johnson,2021-07-21,Engagements,True,"I do not think that I have heard such total cobblers in all my life, except possibly from the Leader of the Opposition. That is not what the Bill does. On the contrary, it gives local people the power to protect. If I understood the hon. Lady correctly, it was a pub called the Britannia that she wanted to protect. We are bringing forward measures to allow local people to protect such places of vital local importance. When it comes to development, the power remains vested firmly with local people, to make sure that they protect their green spaces and the green belt, and they have development only in the places where they, the local people, want it.",
FC62591B-D81A-48C1-989E-97E8B147526E,Boris Johnson,2021-07-21,Engagements,True,"My hon. Friend is a fantastic advocate for the people of Hastings and Rye, and she has made the case to me before for the improvement to transport that she recommends. I know that this particular extension is being reviewed by the Department for Transport right now, and a decision will be made in due course. I am told that I simply cannot anticipate that, but what I can say is that this is the Government and the party that is absolutely determined to level up across our country with better infrastructure, superb innovation, and better skills across the whole of the UK.",
4624089C-4AE1-47BF-A06B-B03E9132270F,Boris Johnson,2021-08-18,Afghanistan,False,"Like many of us, I have been lobbied extensively about the excellent work done by Mr Pen Farthing. I am well aware of his cause and all the wonderful things that he has done for animals in Afghanistan. I can tell my hon. Friend that we will do everything that we can to help Mr Pen Farthing and others who face particular difficulties, as he does—as I say, without in any way jeopardising our own national security. These are concerns shared across the international community, from the region itself to all of the NATO alliance and, indeed, all five permanent members of the UN Security Council. I will chair a virtual meeting of the G7 in the coming days. Thirdly, we have an enduring commitment to all the Afghan people. Now more than ever we must reaffirm that commitment. Our efforts must focus on supporting the Afghan people in the region, particularly those fleeing conflict or the threat of violence. We therefore call on the United Nations to lead a new humanitarian effort in the region.",
7DB87A1E-92F1-494F-A297-8CFE04BC7EBF,Boris Johnson,2021-09-06,Afghanistan,False,"I thank the hon. Member very much for raising the case. I have to tell him that I am told we have no evidence of anybody being pulled off flights, but obviously I would ask him to raise the particular cases directly with my right hon. Friends beside me. But I can tell him that I think, when he looks at the overall record of the UK moving people out of Kabul and across the whole of Afghanistan, he will see that it was an astonishing feat.",
7BB9FF14-6E6C-442B-88AE-DA8481E6F090,Boris Johnson,2021-09-07,Health and Social Care,False,"Yes. I thank my hon. Friend for everything he does for local government. Of course we will make sure that we bring forward the White Paper, which will show how we intend to join up healthcare and local government in a way that they have not been since the foundation of the NHS more than 70 years ago.",
399F817B-CA07-4F53-8802-5832201C3AEE,Boris Johnson,2021-09-07,Health and Social Care,False,"I thank my hon. Friend, who knows a great deal about this issue and the pressures that the sector faces. I can tell him that, yes, of course it covers both residential and domiciliary, and yes, there is a £500 million fund to help the caring profession, and we will provide 700,000 training places as a direct result of what we are doing today.",
ED48CC7C-EE80-414D-9B7A-71E79912B84B,Boris Johnson,2021-09-08,Engagements,True,"As the hon. Gentleman knows, planning is a devolved matter, but what I can tell him and the House is that we have provided business with over £100 billion of support throughout the pandemic, including 1.5 million bounce back loans to small and medium-sized enterprises such as the one that he describes.",
6B4ED170-A7F8-4D69-ACD4-7B423F445A61,Boris Johnson,2021-11-03,G20 and COP26 World Leaders Summit,False,"What we are doing is putting hard cash into supporting countries around the world. The right hon. Gentleman makes a good point about the SDRs. We are looking at that as well, but we are prioritising cash up front.",
DFAA20F8-C480-4709-9BA8-71EF717C228E,Boris Johnson,2021-11-15,COP26,False,"Yes. I thank my hon. Friend. I should have renewed my thanks for the Italian presidency of the G20 and co-presidency of COP, and to Mario Draghi, who did an outstanding job throughout the period. My hon. Friend is totally right on the green industrial revolution. In the year since the 10-point plan was put forward to business around the world, £15 billion of investment in green technology has been secured in this country and many tens of thousands of high-wage, high-skilled jobs. That is the future.",
7DEBFCEA-067E-4A6F-AC9A-FCF423B8B839,Boris Johnson,2021-11-17,Engagements,True,"I appreciate that ambulance crews and ambulance services are doing an amazing job, particularly at this time of year, and I thank them for what they are doing. We are supporting them with more cash. Another £450 million was awarded to 120 trusts to upgrade their facilities, and as the right hon. Gentleman knows, we are putting another £36 billion into dealing with the backlog, which is fundamentally affecting the NHS so badly at the moment, through the levy that we have instituted, which I do not think he supported.",
6D1F5396-B7CD-4818-A421-33DFE7B8C8AE,Boris Johnson,2021-11-24,Engagements,True,"I thank the hon. Member for raising this vital issue and for his personal commitment to this cause. I can assure him that we are studying his proposed Bill and working to ensure that people do get support for the acquired brain injuries that they have received. What we can certainly pledge at this stage—I hope this will be of some use to him and the many who care about this issue in the way that he does, as I am sure Members do across the House—is that the Department of Health and Social Care will lead on the development of a cross-departmental Government strategy on acquired brain injury and other neurological conditions. I will be very happy to share details with him shortly.",
4FEF8159-F428-449B-A708-5C7DFD72AE64,Boris Johnson,2021-11-24,Engagements,True,"I think I have answered that question three times already. This does more for working people up and down the country than Labour ever did, because we are actually solving the problem that Labour failed to address. We are disregarding your housing asset altogether while you are in it. The right hon. and learned Gentleman talks about jobs and working people. Let me remind him of one key statistic that people should bear in mind. He talks about the economy, and now, almost a month after furlough ended, there are more people in work than there were before the pandemic began. That is because of the policies that the Government have pursued.",
77E6056A-D300-4019-A720-6A2CA5C2A19A,Boris Johnson,2021-12-01,Engagements,True,"I thank the police officers in the west midlands, and I thank the hon. Lady for drawing attention to what we are doing to increase the number of police officers—[Interruption.] No, we are on track: of the 20,000 that I pledged on the steps of Downing Street two and a half years ago, we have already recruited another 11,000. I am proud to say that our police officer workforce is more representative of the whole of this country, with more women and more people from ethnic minorities, than ever before.",
FC4D42F1-CE36-4E98-AC1C-47569B940DD6,Boris Johnson,2021-12-01,Engagements,True,"I am very grateful to the hon. Lady, who raises an extremely important issue about a phenomenon that I know has caused huge distress to many, many women in this country. We published the Cumberlege report, and if there is anything more we can do, I am certainly willing to look at it. I am grateful to the hon. Lady for raising this.",
8DF73A86-6540-4838-9B2D-3CA7844AC33F,Boris Johnson,2022-01-05,Engagements,True,"I thank the right hon. Gentleman. I can tell him that we are addressing the issue of fuel. We should not forget that the cap is still in place, and all the mitigations that I have talked about are there, but we are determined to do what we can to help people through this pandemic. What we must do above all is make sure this country has a better supply of cheap and affordable energy, which the Opposition hopelessly refused to institute during their 13 wasted years in government.",
28F4D3DA-092E-485E-AB4E-AA6B33DAF8DC,Boris Johnson,2022-01-12,Engagements,True,"I appreciate the point that the right hon. and learned Gentleman is making about the event that I attended. I want to repeat that I thought it was a work event. I regret very much that we did not do things differently that evening, as I have said, and I take responsibility and I apologise. As for his political point, I do not think that he should pre-empt the outcome of the inquiry. He will have a further opportunity, I hope, to question me as soon as possible.",
5D00F59A-16B5-41F6-A562-48D31C1B8554,Boris Johnson,2022-01-12,Engagements,True,I thank my hon. Friend for his fantastic championing of Stoke-on-Trent. I also thank him for volunteering to serve as a teacher again during the pandemic—a wonderful thing to do. I will certainly see what we can do to satisfy his request for more buses in Stoke as fast as possible.,
AB61F201-865E-426B-912A-0B2027415343,Boris Johnson,2022-01-31,Sue Gray Report,False,"I repeat what I have said: that I am deeply sorry for all the suffering there has been throughout this pandemic, whether of the hon. Gentleman’s constituents or anyone in the country. As to his points about what is in the report, I do not think his views are substantiated by what the report says. I think he should wait to see where the inquiry goes. That is what I propose to do.",
A36559A2-5CC4-4446-BABB-8BE8DFEC41D5,Boris Johnson,2022-01-31,Sue Gray Report,False,"With permission, Mr Speaker, I would like to make a statement. First, I express my deepest gratitude to Sue Gray and all the people who have contributed to this report, which I have placed in the Library of this House and which the Government have published in full today for everyone to read. I will address the report’s findings in this statement, but first I want to say sorry. I am sorry for the things we simply did not get right and sorry for the way this matter has been handled. It is no use saying that this or that was within the rules, and it is no use saying that people were working hard—this pandemic was hard for everyone. We asked people across this country to make the most extraordinary sacrifices—not to meet loved ones, not to visit relatives before they died—and I understand the anger that people feel. But it is not enough to say sorry. This is a moment when we must look at ourselves in the mirror, and we must learn. While the Metropolitan police must yet complete their investigation, and that means there are no details of specific events in Sue Gray’s report, I of course accept Sue Gray’s general findings in full, and above all her recommendation that we must learn from these events and act now. With respect to the events under police investigation, she says: “No conclusions should be drawn, or inferences made from this other than it is now for the police to consider the relevant material in relation to those incidents.” More broadly, she finds: “There is significant learning to be drawn from these events which must be addressed immediately across Government. This does not need to wait for the police investigations to be concluded.” That is why we are making changes now to the way Downing Street and the Cabinet Office run, so that we can get on with the job—the job that I was elected to do, and the job that this Government were elected to do. First, it is time to sort out what Sue Gray rightly calls the “fragmented and complicated” leadership structures of Downing Street, which she says “have not evolved sufficiently to meet the demands” of the expansion of No. 10. We will do that, including by creating an Office of the Prime Minister, with a permanent secretary to lead No. 10. Secondly, it is clear from Sue Gray’s report that it is time not just to review the civil service and special adviser codes of conduct, wherever necessary, to ensure that they take account of Sue Gray’s recommendations, but to make sure that those codes are properly enforced. Thirdly, I will be saying more in the coming days about the steps we will take to improve the No. 10 operation and the work of the Cabinet Office, to strengthen Cabinet Government, and to improve the vital connection between No. 10 and Parliament. Mr Speaker, I get it and I will fix it. I want to say to the people of this country: I know what the issue is. [Hon. Members: “No!”] Yes. [Hon. Members: “You!”] It is whether this Government can be trusted to deliver. And I say yes, we can be trusted—yes, we can be trusted to deliver. We said that we would get Brexit done, and we did. We are setting up freeports around the whole United Kingdom. I have been to one of them today that is creating tens of thousands of new jobs. We said we would get this country through covid, and we did. We delivered the fastest vaccine roll-out in Europe and the fastest booster programme of any major economy, so that we have been able to restore people’s freedoms faster than any comparable economy. At the same time, we have been cutting crime by 14%, building 40 new hospitals and rolling out gigabit broadband, and delivering all the promises of our 2019 agenda, so that we have the fastest economic growth of the G7. We have shown that we have done things that people thought were impossible, and that we can deliver for the British people. [Interruption.] I remind those on the Opposition Benches that the reason we are coming out of covid so fast is partly because we doubled the speed of the booster roll-out. I can tell the House and this country that we are going to bring the same energy and commitment to getting on with the job, to delivering for the British people, and to our mission to unite and level up across this country. I commend this statement to the House.",
6391EEE6-70C9-4E5B-987E-E0F1EF9B5952,Boris Johnson,2022-02-02,Engagements,True,"No, I think everybody in this country can see that we have been through the biggest pandemic for 100 years and that we have looked after the people of this country to the tune of £400 billion, which we put into furlough and all the other schemes, with 11.7 million people protected. Everybody knows the cost of that. At the same time, despite all the difficulties we have faced, we have now got the fastest growth in the G7. That is absolutely true. We have youth unemployment at a record low. We have got three times as much tech investment coming into this country as France, and twice as much as Germany. [Interruption.] Yes, that is absolutely true. If we want to know about Labour economics, never forget that the last time they were in office, when they were finally booted out, they left a note saying, “There is no money left.” That is the way they run the country.",
F15F99D2-23F5-42E8-8E43-83C0D9A32FA3,Boris Johnson,2022-02-02,Engagements,True,"The hon. Member talks about cutting VAT. I wonder whether he voted for Brexit and our ability to cut VAT—perhaps he could indicate. We delivered that and celebrated its anniversary on Monday. I sympathise very much with his constituent and understand the pressures that people are facing on the costs of living, but what we have got to do is invest and protect them. We are putting in £12 billion-worth of support and financial help for families in hardship this year, which is absolutely vital after the pandemic. The most important thing is to have a jobs-led economic recovery. In case I failed to make myself clear before you wound me up, Mr Speaker, that is why we have the fastest economic growth in the G7.",
B3A1548D-86A5-4BB5-8987-6DE622A49243,Boris Johnson,2022-02-02,Engagements,True,I hesitate to remind the hon. Lady that she campaigned actively to install a Prime Minister who wanted to get rid of our nuclear deterrent altogether.,
0009458D-5625-422D-89B3-68D9D809CF18,Boris Johnson,2022-02-09,Engagements,True,"I can tell the House today that it is my intention to return on the first day after the half-term recess to present our strategy for living with covid. Provided that the current encouraging trends in the data continue, it is my expectation that we will be able to end the last domestic restrictions, including the legal requirement to self-isolate following a positive test, a full month early. This morning I had meetings with ministerial colleagues and others. In addition to my duties in this House, I shall have further such meetings later today.",
D90B78EB-5E6D-4E68-BD4B-2AB99CDEBB70,Boris Johnson,2022-02-22,Ukraine,False,"We have to recognise the lesson of 2014, which is that we have to move away from a dependence on Russian hydrocarbons, and the Government will pursue policies to that end.",
D004BDD6-9D54-4185-9A62-5B2DB7B0EF80,Boris Johnson,2022-02-22,Ukraine,False,"Yes. I thank my hon. Friend for everything that he is doing in the Council of Europe. We should stand by democratic Ukrainian politicians. We all know them; we have all met them. All they want to do is live in peace and freedom, and we should work together to ensure that they can.",
EAA49B61-B0B1-4E47-B87C-19F8665ABFB9,Boris Johnson,2022-02-22,Ukraine,False,"My right hon. Friend is absolutely right to place the emphasis he does on NATO, which has proved its value in the last 70 years. It is the pre-eminent, most successful alliance in history. It is a defensive alliance and we are now reinforcing it all across the eastern perimeter. What NATO is not doing—no NATO country is currently considering this—is sending combat troops to Ukraine, and he will understand the reasons for that, but that does not preclude support by NATO countries for Ukraine, including military support.",
AAEC64E2-C7E9-40B4-9E08-33AEC9A1BC64,Boris Johnson,2022-02-24,Ukraine,False,"There are all sorts of reasons for the failure of the west to take sufficient account of the threat of Vladimir Putin since 2014, but the two biggest are oil and gas.",
FFA58A98-8A30-4C6C-942A-C62FE1D7DC40,Boris Johnson,2022-02-24,Ukraine,False,The hon. Lady is absolutely right that there is a continual struggle beneath the surface of the sea between submarines that are out to sever cables and those of us who are trying to make sure those links are maintained.,
6EA3EA52-D2A4-4797-92A0-2274F3FCF6CA,Boris Johnson,2022-02-24,Ukraine,False,"I know that my right hon. Friend is a great military expert, and I understand the attractions of the no-fly zone. I remember the no-fly zone that was created in 1991, as I recall, in northern Iraq. However, the situation here is very different. We would face the risk of having to shoot down Russian planes, and that is something that I think the House would want to contemplate with caution.",
E111946C-4CCE-45EA-B911-AD9D4C6F4E31,Boris Johnson,2022-03-09,Engagements,True,"I just remind the House that under the Labour Government, our nuclear output fell from about 25% to 10% of our energy needs, and as I recall, that was because of the decisions they took. We are now going to rectify that. The right hon. and learned Gentleman asked about the cost of energy bills, and we are helping households with the cost of energy bills to the tune of £9.1 billion. Why can this Government afford to do that? Why can we afford to put huge quantities of taxpayers’ money into supporting households with their energy costs? I will tell you why, Mr Speaker: it is because we have the fastest growth in the G7. Do not forget that if we had listened to Captain Hindsight, we would have stayed in lockdown and never achieved it.",
7823103D-9E8E-4AD1-AEEA-2E6FDF33E6AE,Boris Johnson,2022-03-23,Engagements,True,"My hon. Friend is right in what she says about P&O and about the 800 workers. I will make sure that she gets all the meetings she needs to make sure that we continue with all our fantastic investments in Dover, whether transport, education or otherwise.",
7B3317CC-99B6-4A2D-B018-5602B1EE9BCA,Boris Johnson,2022-04-19,Easter Recess: Government Update,False,"I would love to give more commentary on this, but I have told the House very clearly that I cannot do that until the investigation is complete.",
F4256974-96E2-412A-B62F-1A32AE9F8417,Boris Johnson,2022-05-18,Engagements,True,"I accept that of course there are economic pressures on our country now caused by the factors that we have mentioned, but that is why we have already increased the minimum wage by £1,000 per year for those who are on it, already increased universal credit by £1,000 a year, and all the other measures—billions and billions of tax that we are putting into supporting incomes. The reason we can do that is that we have strong economic fundamentals, with unemployment—I do not know when the hon. Gentleman was born—at the lowest it has been since 1974. That is giving us the foundation to take our country forward.",
46C0D727-747C-4DAC-804B-C4158B1D44A7,Boris Johnson,2022-05-18,Engagements,True,"I would be grateful if the right hon. and learned Gentleman could send me the details of that sad case. The NHS does cover the costs of those who are on dialysis. By the way, the Opposition voted against the vital investment in the NHS that this country needs. I remind the right hon. and learned Gentleman, and the House, of the key point: none of this is possible—the investment in the NHS is not possible, the £22 billion that we have already put in is not possible and the further investment we are going to put in is not possible—without the strong economy that this Government have delivered. It is because we took the tough decisions that I have mentioned that we have record low unemployment —or a record low for the last 50 years. The Queen’s Speech that we have been debating is about putting in the infrastructure, skills and technology that will continue to build the platform for growth and jobs in this country. That is what this Government are committed to doing and that is the best way out of economic problems. By the way, I thought it was fantastic to see Her Majesty the Queen open Crossrail. That has already delivered 72,000 jobs and will produce £90 billion for the whole of the UK economy. Let me ask the right hon. and learned Gentleman: who was the Mayor of London when Crossrail was first starting to be built? And who was the Prime Minister who completed it? We get the big things done. There has never been a Labour Government who left office with unemployment lower than when they began.",
68E8B1F2-1D12-4627-9D38-133D80FE853E,Boris Johnson,2022-05-18,Engagements,True,"My hon. Friend is a fantastic campaigner for her constituency, as I discovered just the other day. We are recruiting more police officers: 300 more in Lancashire and 13,576 more across the whole of the country. I would of course be happy to arrange the relevant meeting so that we can continue to drive neighbourhood crime—which is already down 33%—down even further.",
6613DF6D-9581-41FD-A196-7BD1337AD1BE,Boris Johnson,2022-05-25,Sue Gray Report,False,"I agree very much with what my hon. Friend has just said. As I said in my opening statement, any rudeness towards a member of staff is absolutely inexcusable and I want whoever was responsible to apologise.",
968489DB-F29C-4F2D-91F0-99D67AEC698A,Boris Johnson,2022-05-25,Engagements,True,"Let us be clear: if there is an issue with fire safety in a building, extra steps should be taken and remediation should be made. When it comes to self-evacuation, the Home Office has launched a new consultation to support the fire safety of residents who are unable to self-evacuate, but if the hon. Lady has further representations to make on that point, I will be very happy to ensure she gets a meeting with a Minister in the Department for Levelling Up, Housing and Communities.",
2B60B6B9-F421-4002-B540-7780F01FC09D,Boris Johnson,2022-05-25,Sue Gray Report,False,"I repeat my condolences to those who suffered from covid, to those who could not get the treatment that they needed during the pandemic, and to the family of Ruby who could not see her when she was suffering from cancer. All I can say now is that we want to get on with our work, which is to clear the backlogs, particularly for cancer patients up and down the country.",
50885C78-D2D7-4E2A-8904-18BE314FE24A,Boris Johnson,2022-06-08,Engagements,True,"My hon. Friend and I were walking together on the seafront in Redcar—eating a lemon top, actually—when somebody raised that very point with us. I can tell him that we have ruled out chemical pollution, but we are making another £100 million of investment, including in communities such as his, and working with the fishing industry to help it to recover from this problem.",
28981763-EDC1-465A-BBFA-22DE8592C262,Boris Johnson,2022-07-04,"CHOGM, G7 and NATO Summits",False,"It was a great day for democracy, which is one thing among many that the Commonwealth stands for in the world. I think that Patricia Scotland will do an excellent job for the next two years, and she will get every possible support.",
31D87C48-C230-4574-B779-256756C09BFD,Boris Johnson,2022-07-13,Engagements,True,"I know the problem of which my hon. Friend speaks very well. There is no single solution to tackling surface water flooding, but she is absolutely right in wanting to put more pressure on Thames Water to try to come up with sustainable solutions. That has to be done working with partners and councils, and with developers as well.",
6E406989-AC2C-48ED-B6D2-023D76BC29E5,Keir Starmer,2024-09-11,Engagements,True,"Economic growth is our No. 1 mission, and that is why we forged a new, positive relationship with business, but too many people are insecure at work, and that holds them back and holds our economy back. This Government were elected to deliver for working people, and that is exactly what we will do.",
6665AC20-3933-4621-8E97-364E65A3F1ED,Keir Starmer,2024-10-07,Anniversary of 7 October Attacks:  Middle East,False,"The right hon. Member is right to emphasise the impact that this has on children in particular. We have special responsibilities to children in any conflict. The first step to protecting children is to create the conditions for a ceasefire and de-escalate, which is why, working with our allies, we are spending so much time on that de-escalation and finding a route to a ceasefire.",
0DC5DFEF-EFA5-4A09-B795-CD1F58A17E85,Keir Starmer,2024-10-07,Anniversary of 7 October Attacks:  Middle East,False,"We are working constantly with our allies to de-escalate the situation, to hold those responsible to account and to ensure that we bring about the much sought-after peace that all communities want.",
976441C3-76C9-494D-9541-E2F55442A428,Keir Starmer,2024-10-16,Engagements,True,"Yes, I do, and I know this is a concerning time for families who rely on the brilliant work of Whitby InterActive. Children with special educational needs and disabilities have been failed for too long. It comes up repeatedly in the House, with parents struggling to get their children the support they need and deserve. We must raise the standards for every child so that they can succeed in education. We will fix the foundations and ensure that every child can achieve their potential.",
B422E345-6BB1-4AF1-9236-489D5750797A,Keir Starmer,2024-10-30,Engagements,True,"Yes, and that is a really important point. Last year, the Leader of the Opposition held a summit on AI, which was very important. We have been bringing together the leaders in AI. We have a huge advantage in this country, being ranked in the top three in the world. AI will have huge potential for our growth and our public services, and I think that the whole House should be fully supportive of it.",
9A8BF280-33D3-49F3-BEBB-69B4D3084F3E,Keir Starmer,2024-10-30,Engagements,True,"Homelessness levels are far too high in this country, and we are developing a long-term strategy, working with mayors and local leaders, to end homelessness once and for all. We are taking action to tackle the root causes, which is delivering the biggest increase in social and affordable house building in a generation, and we have picked up where the Conservatives failed by abolishing no-fault evictions, preventing many renters from ending up homeless.",
B2546100-6E5B-402D-A51B-4051B39D86C1,Keir Starmer,2024-11-13,Engagements,True,"What happened to Bethany is appalling, and my thoughts, as I am sure are those of the whole House, are with her family. We need a culture shift here, and we have committed to halving violence against women and girls in a decade. No Government have ever made that commitment before, and I hope that can be something that is shared across the House, because this is so important. It starts with that central question of belief and confidence: for every woman or young woman who comes forward, there are probably about nine who never had the confidence to come forward, and this starts with belief and the culture that we put in place. We are committed to that, and I invite the whole House to join us on that mission to halve violence against women and girls.",
5BD972E1-5D7F-4B75-A0B7-E38F01500A44,Keir Starmer,2024-11-21,G20 and COP29 Summits,False,"I want this initiative to proceed at pace; it is a really important initiative. There is no silver bullet here. We need to work across all areas to reach the goal of clean power by 2030, and we will continue to do so at pace.",
47D4B36F-3C31-4B0B-BA54-750D3B85E20D,Keir Starmer,2024-11-21,G20 and COP29 Summits,False,"It is a great shame that the Conservative party has decided to go backwards on that important challenge. Not so many years ago, there was a united position across the House because it is such an important challenge. I think that is simply a sign of how far the Conservatives have fallen. It is unsurprising that they are on the Opposition Benches. May they remain there for very long time.",
957FF659-F8B5-47DA-A423-0F5F3A37E78B,Keir Starmer,2024-11-21,G20 and COP29 Summits,False,"I raised it personally myself because it is such an important case, and it is very important that we continue to do so. It is raised by Government Ministers every time we engage with China. It is such an important case—this House knows the details—which is why I took the opportunity in the meeting I had earlier this week to raise it directly with the President.",
B8C6BA42-AE16-4FC3-BEB7-64C300C0F546,Keir Starmer,2024-11-27,Engagements,True,"I am grateful to my hon. Friend for raising this. The decision on the mineworkers’ pension scheme reversed a historic injustice, and I am so pleased that we were able to do it in the Budget. As I think he knows, I met some of the Orgreave campaigners and listened very carefully to what they had to say. They are entitled to the truth, and we are carefully considering the next steps to deliver it for them.",
79565CD5-0D30-42D7-AF7C-946A684B6837,Keir Starmer,2024-12-04,Engagements,True,"The only relaunch on the Conservative Benches is the leadership bids of the right hon. Lady’s rivals. She obviously has not read the OECD report published this morning: the fastest growth in the next two years of any major economy in Europe—we are proud of that. Opposition Members should never be allowed to forget the damage they did to our country. They used Britain like some sort of mad scientist’s experiment: open borders, unfunded tax cuts, a neglected health service. And now all the madness is still coming out, but they say they should be back in office. They have not listened, they have not learned, and they certainly have not changed. There is only one party that is driving this country forward, and that is this Labour Government.",
D4E5764F-05A1-4CFD-95E7-FE80ECDC70A4,Keir Starmer,2024-12-18,Engagements,True,"I am not going to adjudicate between the contending singles for the top of the charts, but I end this Question Time by wishing a happy Christmas and a peaceful new year to everyone across the House.",
DADAB1A5-53D2-40C3-A96B-4E5E24702D28,Keir Starmer,2025-02-05,Engagements,True,"My hon. Friend is right that the new runway at Heathrow can boost economic growth across the whole country. It would boost the economy by billions and create over 100,000 jobs across the UK, with 60% of the economic benefits outside London and the south-east. It is good for Scottish passengers and Scottish businesses—and particularly for Scottish salmon, which is the No. 1 export passing through Heathrow and has been worth £970 million over the past five years. I will happily ensure that she gets a meeting with the relevant Minister.",
7DB54441-3C04-478E-A761-AFAC1CE2CE17,Keir Starmer,2025-02-05,Engagements,True,"We set up the independent review, and I know the right hon. Gentleman welcomes that, and it was the right thing to do. I do not know the details of Andrea’s case, but if he provides them to me, I will certainly make sure that we have the details and look into what has happened in her particular case.",
FE16B7CB-1E0F-4281-8F49-039DA7A48B0C,Keir Starmer,2025-02-05,Engagements,True,"The right hon. Gentleman raises a very important issue. The most important issue on the ceasefire is obviously that it is sustained and that we see it through the phases, and that means that the remaining hostages come out and the aid that is desperately needed gets into Gaza at speed and at the volumes that are needed. I have, from the last few weeks, two images fixed in my mind. The first is the image of Emily Damari reunited with her mother, which I found extremely moving. The second is the image of thousands of Palestinians literally walking through the rubble to try to find their homes and their communities in Gaza. They must be allowed home. They must be allowed to rebuild, and we should be with them in that rebuild on the way to a two-state solution.",
9A920EB7-B6FD-442C-8DF6-2C97BF60BACC,Keir Starmer,2025-02-12,Engagements,True,"As the right hon. Gentleman knows, I met President Zelensky in Kyiv just a few weeks ago—it was my eighth meeting. The position since the outbreak of this conflict has been a united position across the House of supporting Ukraine, and I was able to reiterate my position, which is that we must put Ukraine in the strongest possible position. That matters now just as much as it mattered at the beginning of the conflict, and I did discuss with him what more we and our allies can do to put Ukraine in the strongest possible position.",
8E86633B-F734-44B1-9959-1869575520E7,Keir Starmer,2025-02-12,Engagements,True,"This is a really important issue, as the right hon. Gentleman rightly points out. I have long supported it and will continue to support it, and I will share details with him just as soon as I can.",
E06C73F6-BA42-42FA-9338-72A80A0F8F33,Keir Starmer,2025-02-12,Engagements,True,"I am very pleased that my hon. Friend has raised this issue, and that we will be able to give employers more flexibility on maths and English requirements. This is really important, as many young people did not get the maths qualification they wanted but are very well suited for the future and want to play their part. They can now get an apprenticeship under our changes. These 10,000 extra apprenticeships are delivering for them, giving them a chance to contribute to our economy.",
1F57F7FA-8665-497F-814F-E7E6A9424AAB,Keir Starmer,2025-02-25,Defence and Security,False,"The right hon. Gentleman says I did not mention the UN. The UN charter is at the heart of this, because Russia is in breach of it. Russia is an aggressor that has invaded another country and is occupying part of that country, and it will go further if it is encouraged down that line. That is why we need to take these decisions. It is the first duty of Government to keep our country safe and secure. That is a duty I take extremely seriously. The poorest people in this country would be the first to suffer if the security and safety of our country was put in peril.",
22083082-2E46-4D3D-82BF-6FB535213A10,Keir Starmer,2025-02-25,Defence and Security,False,"I do agree with that. The last Government let welfare spending spiral by an additional £30 billion. Some 2.8 million people are out of work because they cannot go to work due to some health-related issue. That is a very high number. It is out of control, and we have to get it back under control.",
F66C8395-C197-4E98-A3CE-F200AAC2378E,Keir Starmer,2025-03-03,Ukraine,False,My hon. Friend is right: we do need to take further measures. That is why we have taken specific sanctions against the shadow fleet and oil producers—to tackle that very issue.,
065CC00E-8074-49D5-B341-9A3C3CA386B5,Keir Starmer,2025-03-03,Ukraine,False,"I do agree, which is why I remain committed to international development, and want to get back to a position where we can increase it. It is also why I want to work across the House to see what else we can do in the immediate and near term to pull other levers in relation to development.",
BBCBDA5E-F5D2-42B6-AF4C-5B4D646F49C3,Keir Starmer,2025-03-03,Ukraine,False,"I thank the right hon. Member for his question and for his support. I do have confidence that we have the necessary capability. I do not take these considerations lightly. He is absolutely right that we should do this in conjunction with the US, working in the way we have for many decades now, which has ensured peace here and in Europe. We shall continue to work in that way.",
45629C38-AC03-4B9F-96F5-E2B6BBD6402F,Keir Starmer,2025-03-05,Engagements,True,"I was pleased that in the meeting last week we did discuss an economic deal and agreed that our teams would indeed sit down rapidly to talk through a deal. That is what they are doing. As the right hon. Lady rightly says, that is far better than getting drawn into conflict in relation to tariffs.",
B5575B25-8281-491C-82C7-6FBF84752D4E,Keir Starmer,2025-03-12,Engagements,True,"The hon. Gentleman is right: we have to get the houses that we need built in his constituency and elsewhere—something that the Conservative party failed to do. That is why we have introduced the infrastructure Bill, which I think he welcomes. That Bill will get Britain building, so that we can deliver on those 1.5 million new homes through our plan for change. On the issue he raises, he and my hon. Friend the Member for Stroud (Dr Opher) have been working together to try to resolve this issue, as I understand it, and I am happy to ensure that he gets a meeting with the relevant Minister, if that would help in taking it further.",
72213074-B9A5-4813-BBF6-849868181E8C,Keir Starmer,2025-03-26,Engagements,True,"It is really important that we unleash the economic potential of north Wales, including by kick-starting the investment zone, which is backed by major businesses like Airbus and JCB, to leverage £1 billion of private investment; investing £975 million to benefit aerospace workers at Broughton, where I met the fantastic young workers; and securing £1 billion of investment in Shotton Mill, securing 300 jobs on Deeside. We put a record amount of money into the Welsh Government at the Budget—a decision that was opposed by Plaid.",
830E273D-9561-4424-BF18-64DD72A72180,Keir Starmer,2025-04-30,Engagements,True,"The hon. Gentleman raises an important question about antisocial behaviour. [Interruption.] The Conservatives are laughing about it; that really sums up what they did in the past 14 years. He knows that there are already strict rules in place to prevent antisocial behaviour, including fines of up to £1,000. We are focused on tackling antisocial behaviour. It is not low-level; it affects people, their communities, their sense of safety and what they can do with their own lives. That is why an additional £1.2 billion has been set aside for policing—13,000 new neighbourhood police officers, new respect orders and a named officer in every community. We take this seriously; the Conservatives laugh about it.",
AB2DCCEE-CEC9-4817-967E-D8982E9455A0,Keir Starmer,2025-04-30,Engagements,True,"I thank the hon. Member for raising this important issue with us. We will always stand up for those who served our country, and I pay tribute to Pauline for her service. I will ensure that she gets the appropriate meeting that she wants and needs to discuss her specific case.",
8F764CCF-643C-4199-9515-A1D80B544BC0,Keir Starmer,2025-05-20,UK-EU Summit,False,"We already are doing so, because it is important that we now get on with this as quickly as we can.",
3F76C5D1-7D40-458A-93A0-DA960F01F7A7,Keir Starmer,2025-06-11,Engagements,True,"My hon. Friend has great expertise, having worked for many years in the NHS as a GP, and I support the work he is doing. As he has pointed out, our plan for change has cut waiting lists in his local trust by almost 5,000, and we are going further, including through state-of-the-art radiotherapy machines rolled out across the country. There is one going into my hon. Friend’s constituency, and more scanners are going to 27 other hospital trusts, including two hospitals in the constituency of the Leader of the Opposition. This is all made possible by the decisions we have made, and I know that the Leader of the Opposition will want to stand up and welcome that.",
53527C1F-FB24-4AAD-8FB1-0ABD7E664CB1,Keir Starmer,2025-07-02,Engagements,True,"It is right that we do both, and that we do support agriculture. The right hon. Lady says that people across the country are concerned about solar, but they are also concerned about their bills coming down, after they went up under the previous Government. The only way to get them down is on renewables, and that is what we are doing.",
106D9301-A387-4FFA-BE5A-F36323879A2D,Keir Starmer,2025-07-16,Engagements,True,"The Conservatives left the most incredible mess in the economy, and now they think that they can lecture others. Just last week their chairman said that they had done the necessary apologising for the 14 years of failure. I did not hear an apology for the lowest living standards in living history. I did not hear an apology for the £22 billion black hole. I did not hear an apology for the Liz Truss mini-Budget. Maybe the right hon. Lady would like to stand up and make that apology now.",
67B28263-374F-4E8D-B5F3-FDC3D79C1122,Keir Starmer,2025-07-16,Engagements,True,"The self-employed were the very people who suffered repeatedly under the Conservatives’ watch, particularly during covid, as I remember, when they did not get the support that they needed. The right hon. Lady talks the country down and she cherry-picks. Since we have been in government, we have created 380,000 jobs, the employment rate is up and inactivity is down—the complete opposite of what we inherited.",
A3644A0C-43A9-423E-B928-C2D0B58BCD41,Keir Starmer,2025-07-16,Engagements,True,"Yes, we will. We must fight antisemitism wherever we find it, as we must fight all hate offences, crimes and incidents wherever we find them.",
275C14ED-65F2-42F6-B9C3-77891D5DFAEA,Keir Starmer,2025-09-03,Engagements,True,"I share the right hon. Gentleman’s pride in our country’s flag. It represents our history, our heritage and our values. That is why we display it. I was the Labour leader who put the Union Jack on the membership card for the Labour party, and I was very proud to do so. It belongs to all of us. We should be proud of it and value it.",
E8EBDA2A-DC2E-4720-8BD0-0819FDAEFA1F,Keir Starmer,2025-09-10,Engagements,True,"I start, Mr Speaker, by expressing our sincere condolences to His Majesty the King and the royal family on the death of Her Royal Highness the Duchess of Kent. Her life was filled with compassion and dignity. She dutifully supported our late Queen Elizabeth II, comforted the runner-up at Wimbledon, and worked anonymously as a music teacher in Hull—typical of her unassuming nature and human touch. I am sure the thoughts of the whole House are with His Royal Highness the Duke of Kent, his family, and all those whose lives she touched. Turning to other events, I condemn the strikes that Israel carried out in Doha yesterday. They violate Qatar’s sovereignty and do nothing to secure the peace that the UK and so many of our allies are committed to. I spoke to the Emir of Qatar last night, soon after the attack, to convey our support and solidarity. He was crystal clear that notwithstanding the attacks, he will continue to work on a diplomatic solution to achieve a ceasefire and a two-state outcome, on which he and I are of the same mind. That is why I met President Abbas on Monday and will meet President Herzog later today. I will be absolutely clear that we condemn Israel’s action. I will also be clear that restrictions on aid must be lifted, the offensive in Gaza must stop, and settlement building must cease. But however difficult, the UK will not walk away from a diplomatic solution. We will negotiate, and we will strain every sinew, because that is the only way to get the hostages out, to get aid in, and to stop the killing. Last night, Russia launched drones into Poland in an unprecedented attack. I have been in touch with the Polish Prime Minister this morning to make clear our support for Poland. We will stand firm in our support for Ukraine. With our partners and through our leadership of the coalition of the willing, we will continue to ramp up the pressure on Putin until there is a just and lasting peace. This morning, I had meetings with ministerial colleagues and others. In addition to my duties in this House, I shall have further such meetings later today.",
BF4E9576-B1B8-4604-BD85-D95F9C858BC9,Keir Starmer,2025-10-15,Engagements,True,"As the hon. Lady will know, we have protected business rates bills from inflation and extended relief at 40%, with new, permanent lower rates set and introduced for retail, hospitality and leisure. As part of our small business plan, we are providing £3 billion so that lenders can offer more loans to small businesses. We are, of course, introducing the most significant package on late payments—a real issue for small businesses—and reforms that are bigger than any in the last 25 years.",
C9C14BB0-6F65-40B9-9ACC-BBB99E42273D,Keir Starmer,2025-10-22,Engagements,True,"I thank my hon. Friend for his question; he is a credit to his community. I know at first hand that he has done so much hard work to help to heal, to rebuild and to look to a brighter future for Southport. I welcome the Phab charity to Parliament; it does fantastic work to help break down barriers. I am proud that Labour is backing our youth clubs with £30 million of grant funding, doubling the number of youth hubs and providing a youth guarantee with earning or learning guaranteed for our young people. Our national youth strategy will be set out in the autumn.",
D5881941-43EA-453F-91C7-F6F1259BA895,Keir Starmer,2025-10-29,Engagements,True,"I thank the hon. Gentleman for raising this matter, which I know is personal to him. We are investing £600 million to improve diagnostic capacity and are rolling out new radiotherapy machines, including, I am pleased to say, in his local trust. We have seen real improvements, with 148,000 more people now having cancer diagnosed or ruled out within 28 days, but I acknowledge that there is more to do. The national cancer plan will set out how we will go further and deliver the best care for every patient.",
BA2A5B08-80B8-4F5B-9303-802B8BC0717D,Keir Starmer,2025-11-03,Public Office (Accountability) Bill,False,"No, they will not be able to, but that is not a deficiency of this Bill; it is a long-standing constitutional rule. This will be about offences moving forward. But I will just make the point—because I do think it is important—that these measures will apply across the United Kingdom, and I would like to place on record my thanks to the devolved Governments for their collaboration on this. I can also announce that the Government intend to bring forward an amendment to extend this duty to local authority investigations in England, which will make sure that when an inquiry or investigation is set up by a local authority—for example, the Kerslake inquiry into the Manchester Arena bombings—there can also be that duty of co-operation and candour in the search for the truth.",
D2107A8F-232F-4FBA-9659-E58CFD315117,Keir Starmer,2025-11-19,Engagements,True,"I know the right hon. Gentleman feels strongly about this issue. As he says, the Government are neutral on the passage of the Bill. It is a matter of conscience; there are different and respected views across Parliament, and it is for Parliament to decide in the end on any changes in this Chamber. Scrutiny of the Bill in the Lords is a matter for the Lords, but the Government have a responsibility to ensure that any legislation that passes through Parliament is workable, effective and enforceable.",
92FFEBF3-0659-4283-AF96-88AB7BB89211,Keir Starmer,2025-11-25,G20 and Ukraine,False,"My instinct is that this probably is not anything of greater significance than what was coming out yesterday. If it is, of course I will make another statement. I spoke to President Zelensky this morning and got a very clear sense of where he is at, and I intend to speak to him again this afternoon. We have the coalition of the willing, and if there is anything, I will of course update the House. The right hon. Member for The Wrekin (Mark Pritchard) is right to caution, and he is right in the underlying point he makes. We must hold to the principle that matters about the future of Ukraine are for Ukraine. That means that we must engage as extensively as we are doing with the President and the Ukrainians to ensure that, every step of the way, we are taking into account in a practical sense that matters for Ukraine must be for Ukraine, and that can happen only if we are talking to them in the way that we are.",
E930CB24-F48F-493F-9CFB-0C7954072D2F,Keir Starmer,2025-11-25,G20 and Ukraine,False,"I agree with the principle that my hon. Friend puts forward; I am not sure I would put it in quite the terms that she does, but the sentiment is shared. This is just shocking—the idea of kidnapping children as an act of war and a weapon of war is just so disgusting, frankly. We should do absolutely everything we can to ensure not only that the children are safe, secure and returned, but that there is full accountability.",
40C66DF2-4D00-4FA2-BB86-8347692D3A35,Keir Starmer,2025-11-26,Engagements,True,"My hon. Friend is right; the report is a sombre moment. It is important to remember the scale of suffering and the scale of the loss of life, which is made clear in the testimonies of the families in the report, and to remember the incredible contribution of frontline workers and everyone who focused on protecting others. We are committed to learning the lessons we need to learn from the covid inquiry to protect and prepare us for the future. The pandemic still weighs heavily on our public finances and our NHS. That is why we have already conducted a pandemic exercise to test preparedness, and agreed a historic global pandemic agreement to improve our ability to prevent global disease threats, alongside our partners.",
C7AF64D3-D7B8-4539-AB3A-C501ECF1D42C,Keir Starmer,2025-12-03,Engagements,True,"I thank the hon. Gentleman for raising this; I updated the House last week on the attempts to get a lasting peace. We all know that Putin is the aggressor here. We all know that Putin is dragging his feet, not wanting to come to the table, not wanting to reach an agreement. We have to continue to put pressure on in every conceivable way—that is, in supporting Ukraine with capability and resource, but also ensuring that our sanctions, acting with allies, do as much damage to the economy in Russia as we can, and pressure that we can put on. We will continue to do so but the hon. Gentleman is absolutely right to raise this, and I thank him for doing so.",
38C37B90-C343-4503-A7E1-C08178624869,Keir Starmer,2025-12-03,Engagements,True,"I thank the hon. Lady for raising that. We are implementing the Leasehold and Freehold Reform Act 2024, which is long overdue, providing homeowners with greater rights, powers and protections. Through that, we will strengthen regulation to protect leaseholders from abuse and poor service, which she has highlighted; bring the injustice of fleecehold to an end to protect up to 1.75 million households; and make sure that leaseholders receive standardised service charge documentation, making it easier for them to challenge unreasonable bills. The hon. Lady makes good points, and that Act will help to change things.",
1D53631D-B302-4B81-AC59-EEB28B4F1D1E,Keir Starmer,2025-12-10,Engagements,True,"This country will always be compassionate in relation to refugees and comply with our full obligations under the various conventions. It is important that we address some of the challenges that we face at the moment, but we must not lose sight that we have always been a compassionate country that welcomes refugees to our shores.",
F9DE9ED8-6C9C-4BEE-8B34-4765F7724C93,Keir Starmer,2026-02-02,China and Japan,False,"This is a really important issue, which that is why I had a phone call with Volodymyr Zelensky the day before I left, and I will have a further discussion with him now that I am back. I raised the issue in terms during the course of the visit.",
0298A2EA-E8B0-45E8-BF42-949F56B20A8B,Keir Starmer,2026-02-02,China and Japan,False,"My hon. Friend will be pleased to know that JLR was there with us on the delegation in China, and it is acutely aware of the difference that better trade and economic measures with China will make to its business, and to jobs in his constituency.",
3C9BD9DF-A33B-471A-B30E-86658737A258,Keir Starmer,2026-02-11,Engagements,True,"My message is that I have always believed that those with skin in the game make the best decisions about their communities. I know just how much her constituents want Woodgate Valley visitors centre back open. Together, we can make that happen. Hope in Britain is found in our communities. That is why we are investing so heavily in our Pride in Place initiative.",
5877707B-E4C1-4E9F-B54A-C9CF10126ED2,Keir Starmer,2026-02-25,Engagements,True,"I thank the right hon. Gentleman for raising this case, which is obviously a cause of considerable concern. Of course, I will make sure that the relevant meeting is put in place for all the individuals who need it.",
C336738E-C62E-4870-80D6-9FBCD8D5F29D,Keir Starmer,2026-03-02,Middle East,False,"There are many discussions going on, as the hon. Gentleman will appreciate, and I understand his level of concern, particularly in relation to religious freedom. We are working with colleagues on those issues and I will update the House accordingly.",
A449950A-4FBA-4C99-A1F6-CE5BAF0A45AA,Keir Starmer,2026-03-04,Engagements,True,Anas Sarwar has been asking the hon. Gentleman’s party to be honest about the political pressure it applied at the Queen Elizabeth university hospital and to take the action needed to reassure patients and families. That scandal shows how much Scotland deserves change with Anas Sarwar.,
FF511268-1E97-450F-A24D-9CD11053F937,Keir Starmer,2026-03-04,Engagements,True,"I have spent the week protecting British lives and our national interest. Moments like this define a Leader of the Opposition. They can either step up, act in the national interest and show that they are fit to be Prime Minister, or they can expose their utter irrelevance. The Leader of the Opposition has chosen the second.",
AA81250D-605E-4176-9052-42C880F7C952,Keir Starmer,2026-03-11,Engagements,True,"I thank the hon. Lady for raising that issue. I know there are strong views, and I acknowledge her personal connection, which shows how serious the issues are. It is a matter of conscience. It is for Parliament to decide the passage of the legislation and any changes. Scrutiny is a matter for the other place. We have a responsibility to make sure any legislation is workable, effective and enforceable.",
636D3A5C-9BEC-4CD1-A173-50D2A3532506,Keir Starmer,2026-03-11,Engagements,True,"My hon. Friend is right; families are crying out for change, which is why it is critical that we get this right. Our reforms will fix the broken SEND system, where parents have to fight for support, replacing it with tailored support that is personal to a child’s need. A Best Start family hub in every local authority with a dedicated SEND practitioner will also help families with the face-to-face support they need. My hon. Friend is a great advocate on this issue, and I am happy to ensure that he gets the meeting he is asking for.",
BD127ECE-D2BD-4071-A3BB-5E819FA194CA,Keir Starmer,2026-03-18,Engagements,True,"My hon. Friend is a great champion on this issue and I will ensure that he gets a meeting with the Rail Minister to discuss the detail. The previous Government took the decision not to shortlist Burnley Manchester Road station for accessibility improvements. We are giving Lancashire combined county authority £641 million, with the freedom to invest in its priorities, including better accessibility. That is what a Labour Government represent: empowering local people to make the best decisions for their local area.",
37B0ABE6-B2AE-45B8-AD68-C14EE2D6C92D,Keir Starmer,2026-03-25,Engagements,True,"I thank my hon. Friend for her work. She is right to highlight the growing threat posed by dangerous synthetic drugs. Alongside deploying new detection methods at the border to seize drugs, we are investing in better mental health support and drug addiction treatment, with almost £26 million for Stoke-on-Trent. I will ask a Health Minister to discuss her important work with her.",
44A34841-CF9F-47A8-B2B1-B9782562C9DE,Keir Starmer,2026-04-13,Middle East,False,"Let me assure the hon. Gentleman that we are looking across the board at what support can be put in place and at all the contingencies, but there is no escaping the fact that if we do not do the international work to de-escalate and get the strait open, we will be fighting an uphill battle, which is why we have to convene those countries and try to resolve what is a very challenging situation.",
A3608733-3EEA-4342-BB60-72655F7FC8D0,Keir Starmer,2026-04-13,Middle East,False,"The immediate focus must be on ensuring that the ceasefire extends to Lebanon. That is crucial. Obviously, there is some diplomacy going on at the moment, but we need to keep that firmly in mind. We must work with others, not only on the question of Lebanon, but on accountability, which goes with the principle that any action should have a lawful basis.",
7D9CC18C-98D4-467F-ABD4-C6A97127FA76,Keir Starmer,2026-04-13,Middle East,False,"I agree that our armed forces and our capabilities have been hollowed out over many years, in particular under the last Government, I am afraid to say—Ben Wallace, the then Defence Secretary, was very clear about that. The right hon. Member is right to say that now is the point at which there is probably more conflict going on in the world than most of us have seen in our lifetimes, and that is why we have to increase defence spending. That is why we took the decision to increase to 2.5% sooner than people thought we would, and that is already taking place. I made commitments at the NATO summit last year in relation to the further spending that we need to put in place. I stand by those commitments. We must go further and we must go faster.",
31EAD147-855F-48F9-9C97-DA8ED0A101AE,Keir Starmer,2026-04-15,Engagements,True,"Let me start by saying that I respect Lord Robertson, and I thank him again for carrying out the strategic review. My responsibility is to keep the British people safe, and that is a duty I take seriously. That is why I do not agree with his comments. Last February—seven months after taking office—I took the decision to increase defence spending from 2.3% to 2.6%, which was paid for by a difficult decision on overseas aid. Last June at the NATO summit, I committed to raising core defence spending to 3.5%. Last November, the Budget committed record funding to defence. I reaffirm those commitments now. The strategic defence review is a 10-year blueprint for national security. The defence investment plan will put that into effect, and it will be published as soon as possible. We need to get it right. We inherited plans that were uncosted and undeliverable, and we are not going to repeat those mistakes.",
4F1C702C-A49E-40CC-ACF6-AF0F5234E6B5,Keir Starmer,2026-04-20,Security Vetting,False,Peter Mandelson was granted developed vetting clearance by the Foreign Office before he took up the post. It was only last Tuesday that I found out that that was against the recommendation of UKSV.,
81EC119A-FE02-4340-A132-C444EC805F70,Keir Starmer,2026-04-22,Engagements,True,"Scotland deserves safer streets and more visible policing. In England and Wales, Labour has put 3,000 more neighbourhood police officers on our streets, delivering a named police officer for every neighbourhood. The SNP Government have already had two decades and record funding to invest in public services. If they knew how to do it, they would have done it by now, but they have not.",
F021512D-A5EE-4DBB-8A81-00DDC290081B,Keir Starmer,2026-04-22,Engagements,True,"I remember the hon. Lady raising Teddy’s case very well. I am very saddened to hear of his passing, and my thoughts—and, I am sure, those of the whole House—are with his family and his loved ones. I will do precisely as she asks: I will make sure that we look at this again in the light of the information that she has given to me in the course of this session.",
9F214D6A-6258-467D-A119-E39BB6151578,Keir Starmer,2026-04-22,Engagements,True,"Let us be absolutely clear. Before Mandelson took up his post, UKSV recommended with red flags that clearance should be denied, and there was high concern. That that was not brought to my attention, or to the attention of the Foreign Secretary at the time or subsequently, is a very serious error of judgment, and anyone in my position would have lost confidence in the former permanent secretary. The Leader of the Opposition claimed on Friday that Mandelson could not have been cleared against security advice, but she was wrong about that. She said that Ministers must have been told, but she was wrong about that. She claimed there was deliberate dishonesty, but she was wrong about that—wrong, wrong, wrong. She rushed to judgment, as she always does, just like with the Iran war. I was elected by the British people because the Opposition let the country down for 14 long years. [Interruption.] Whatever she says—whatever noise they make—nothing is going to distract me from delivering for our country.",
821B5A5F-160F-49E6-8DD8-657962694E7A,Keir Starmer,2026-06-24,Engagements,True,"I thank my hon. Friend for raising this important issue. I know that Members across the House have raised issues with the organisation directly. It is imperative that these communities are listened to. I understand that the Charity Commission has opened a compliance case, but I will get that confirmed for him. I am proud that this Government have stood up for mining communities, including ending the injustice of coal pension schemes, increasing the pensions of more than 150,000 former British Coal employees. I thank him for raising this case.",
8BE1270A-24C2-4753-B557-F4F2A5028DB7,Keir Starmer,2026-07-02,Historical Forced Adoption,False,"I thank my hon. Friend for her work on the APPG and for her campaigning, and acknowledge what she has done. As for the number, 185,000 is a shocking figure, but I worry that it may be higher than that. I worry that there are cases that we still do not know about—those where the records are not available and where, as I say, some people feel that they still cannot talk. That rapid access to therapeutic support is hugely important and she is right to highlight it.",
D5832697-6BD2-4129-9950-9441D894A126,Keir Starmer,2026-07-15,Engagements,True,"I am proud of the fact that, because the usual frameworks would not work—the UN; the EU, which was blocked by Hungary; and NATO, which Ukraine is not in—we pulled together a coalition of the willing, led by the French and the UK, and now the Germans. I am honoured that we are joined in the Gallery by the Ukrainian ambassador. Let me say to him and to all Ukrainians: we are united in this House against Russian aggression. That work began before I was Prime Minister and will continue afterwards, because Ukraine’s security is our security. This House is proud to stand with you.",
254E8EDE-E0D9-449A-B430-EC30D5F3AF2B,Liz Truss,2022-09-07,Engagements,True,"I am on the side of people who work hard and do the right thing. That is why we will reverse the national insurance increase, and that is why we will keep corporation tax low, because ultimately we want investment right across our country. We want new jobs and new opportunities, and that is what I will deliver as Prime Minister.",
78A7B869-5DF2-43F9-802F-72FC81B39580,Liz Truss,2022-09-07,Engagements,True,"I congratulate the hon. Lady on her first Prime Minister’s question. What I am determined to do as Prime Minister is to make sure we have an economy with high wages and high-skilled jobs, and the way I will achieve that is through reducing taxes on people across our country and boosting economic growth. That is the way that we will make sure we get the investment and the jobs that people deserve.",
CAEBDBFC-4C4D-4DEF-98BB-9FB2AAC2D30C,Liz Truss,2022-09-07,Engagements,True,"I am not quite sure what the right hon. Gentleman’s position is, because on one hand he does not seem to want oil and gas extraction from the North sea, and on the other hand he wants them to pay more taxes. Why does he not make up his mind?",
2523B015-ED58-4BDC-9F01-0F1EDC3FAA1A,Liz Truss,2022-09-07,Engagements,True,"I want to work with all parties in Northern Ireland to get the Executive and the Assembly back up and running so that we can collectively deliver for the people of Northern Ireland, but in order to do that we need to fix the issues of the Northern Ireland protocol, which has damaged the balance between the communities in Northern Ireland. I am determined to get on with doing that and I am determined to work with all parties to find that resolution.",
0BED3FCA-05D5-4751-B961-ADDEC8365446,Liz Truss,2022-09-07,Engagements,True,"Regional airports, including Doncaster Sheffield airport, are a vital part of our economic growth. I will make sure that the new Secretary of State for Transport is immediately on the issue.",
CC739392-E1F8-4660-99E6-13A4BA451DB2,Liz Truss,2022-09-07,Engagements,True,"This is why it is so important that we tackle the issue of energy. I will make sure that people are able to afford their energy bills, at the same time as dealing with the long-term supply issues to ensure that we are resilient in energy and never get into this position again.",
FC1737CC-2EBA-48C5-B8B6-F755DDF94A8F,Liz Truss,2022-09-07,Engagements,True,"I very strongly agree with the hon. Gentleman that there are strategic industries that use a lot of energy. We need to do all we can to help them become more energy-efficient, but we also need to make sure that they are able to remain competitive in the global marketplace. That is certainly something that the Secretary of State for Business, Energy and Industrial Strategy is looking at in preparing this package.",
A66C3679-D90B-43C3-9074-BEE5ACD11C8A,Liz Truss,2022-09-07,Engagements,True,"I understand that people across our country are struggling with the cost of living, and they are struggling with their energy bills. That is why I as Prime Minister will take immediate action to help people with the cost of their energy bills. I will be making an announcement to this House on that tomorrow, and giving people certainty to make sure that they are able to get through this winter, able to have the energy supplies and able to afford it. But we cannot just deal with today’s problem; we cannot just put a sticking plaster on it. What we need to do is increase our energy supplies long term. That is why we will open up more supply in the North sea, which the right hon. and learned Gentleman has opposed, and why we will build more nuclear power stations, which the Labour party did not do when it was in office. That is why we will get on with delivering the supply, as well as helping people through the winter.",
A2CDB938-79BE-4D3F-ADC0-41653A46AFA4,Liz Truss,2022-09-08,UK Energy Costs,False,"I will take a few more interventions in a few minutes, but I ask Members please to let me make progress on my speech. Secondly, today’s actions will deliver substantial benefits to our economy—boosting growth, which increases tax receipts, and giving certainty to business. This intervention is expected to curb inflation by up to five percentage points, bringing a reduction in the cost of servicing Government debt. Thirdly, I am announcing today that, with the Bank of England, we will set up a new scheme worth up to £40 billion to ensure that firms operating in the wholesale energy market have the liquidity they need to manage price volatility. This will stabilise the market and decrease the likelihood of energy retailers needing our support, as they did last winter. By increasing supply, boosting the economy and increasing liquidity in the market, we will significantly reduce the cost to Government of this intervention.",
00CE37B9-B386-4AD9-9DC9-7B49A0CFEF82,Liz Truss,2022-09-08,UK Energy Costs,False,"We are in a very difficult situation and I am committed, as Prime Minister, to doing everything it takes to resolve the situation, to helping people with their energy bills and to making sure we have security of supply for the long term.",
EAB9E2C3-4D0F-49C6-A43D-273A04A01168,Liz Truss,2022-09-08,UK Energy Costs,False,"I will make a bit more progress and then I will give way. We will end the moratorium on extracting our huge reserves of shale, which could get gas flowing as soon as six months from now where there is local support for it. We will launch Great British Nuclear later this month, putting us on a path to deliver up to a quarter of our electricity generation with nuclear by 2050.",
08DB7B14-6F3C-40F2-A57C-85136CD8DC5A,Liz Truss,2022-09-08,UK Energy Costs,False,"I am completely committed to net zero by 2050 and I will be saying more about how we will be achieving that later in this speech. As well as dealing with the immediate situation we face, we are also dealing with the root causes.",
61D4E366-9CF8-42CB-8A02-1C30D8734E1B,Liz Truss,2022-10-12,Engagements,True,"I very much agree with the right hon. Gentleman; we need to deliver for the people of Northern Ireland. That means making sure that we have free-flowing trade east-west as well as north-south, it means making sure that the people of Northern Ireland can benefit from the same tax benefits as people in Great Britain, and it means resolving the issues over governance and regulation. I would prefer to achieve that through a negotiated solution with the EU, but if we are not able to do that, we cannot allow the situation to drift; we have to proceed with the Northern Ireland Protocol Bill.",
7B927CC3-5FE7-49E6-BA10-C7DB78EF2AC3,Liz Truss,2022-10-12,Engagements,True,"My hon. Friend did a fantastic job promoting the natural environment when she was at the Department for Environment, Food and Rural Affairs. We are going to deliver economic growth in an environmentally friendly way. This is about improving the processes and delivering better outcomes for the environment while making sure we have a growing economy as well. Those two things go hand in hand.",
39C3A70B-B6F1-4335-B333-AD9DC50E9BDD,Liz Truss,2022-10-12,Engagements,True,"The Home Secretary is committed to dealing with this very difficult issue of the small boats in the channel. We do need to sort it out. We are committed to legislating and to getting an agreement with the French Government. I did discuss it with President Macron last week, and the Home Secretary is following up.",
6A9955E1-F4AF-4DB7-B019-82DA6C6F09F4,Liz Truss,2022-10-12,Engagements,True,"The action we have taken has meant that families in Scotland and across the UK are not facing gargantuan energy bills. What the right hon. Gentleman and his friends in Scotland could do to help us out is build the nuclear power stations that are going to help our energy security and help us get more gas out of the North sea, to help deliver on a more secure energy future for all of our people.",
24D2F1BD-4CA2-48EE-B479-852CB6DFC1B5,Liz Truss,2022-10-12,Engagements,True,"This Saturday marks the first anniversary of the senseless murder of our friend Sir David Amess. David was a superb parliamentarian, who brought colleagues across the House together on a huge range of issues. He represented the best of Parliament as a devoted champion of his constituency. Our thoughts are with his wife Julia and his five children, as well as with the people of Southend, which now stands tall as a city in testament to David’s tireless work. This morning I had meetings with ministerial colleagues and others. In addition to my duties in the House, I shall have further such meetings later today.",
148681AE-B53D-46D5-9D75-3BF577C52D3A,Liz Truss,2022-10-19,Engagements,True,"People are struggling. It is difficult at the moment. That is why we put in place the energy price guarantee to make sure the typical household is not paying more than £2,500. It is why we have supplied an extra £1,200 of support to the most vulnerable. I can assure the hon. Gentleman that we will always support the most vulnerable. They will be our priority.",
FEC749B6-8B29-401C-B116-F46521EECAB8,Liz Truss,2022-10-19,Engagements,True,"I am completely committed to the Northern Ireland Protocol Bill. It deals with the very specific issues we face in Northern Ireland, the free flow of trade and making sure that the people of Northern Ireland are able to benefit from being part of the United Kingdom. I can tell my right hon. Friend that any negotiations will reflect the same position that is in the protocol Bill.",
ED497C21-0416-4E02-B445-DE0FB09D35EA,Liz Truss,2022-10-19,Engagements,True,"Our policy is to protect the most vulnerable for two years. I had to take the decision, because of the economic situation, to adjust our policies. I am somebody who is prepared to front up. I am prepared to take the tough decisions, unlike the right hon. and learned Gentleman, who has not done anything on businesses and who has done nothing to say he will protect people after one year. He has got no plan.",
C2664C71-CD45-432A-8108-6C6503CCF3F5,Rishi Sunak,2022-10-26,Engagements,True,"I have already said that I stand by the manifesto on that. What I would say is that I am proud that this Government passed the landmark Environment Act 2021, putting in more protection for the natural environment than we have ever had, with a clear plan to deliver it. I can give the hon. Lady my commitment that we will deliver on all those ambitions, and that we will deliver on what we said at COP, because we care deeply about passing on to our children an environment that is in a better state than we found it ourselves.",
31DFAD2A-10CE-4E1B-8AC6-32302B6A4D33,Rishi Sunak,2022-11-02,Engagements,True,"What people across Scotland rightly want to see is both their Governments working constructively together to improve their lives, and that is what we will do on this side of the House. Part of that is actually supporting Scottish energy producers, and the hon. Gentleman is right: they have a vital role to play in enabling our transition to net zero and improving our energy security, and those Scottish companies will have our full support.",
B52CED68-5975-4CD8-848A-8D7AF0CFD87B,Rishi Sunak,2022-11-09,COP27,False,"I think the Labour party’s plans on climate change were called “incredible” and “unrealistic” at the last election. Our plans are practical and credible and they are the most ambitious in the developed world. I feel very good about them, but we need to do this in a realistic way that actually brings people along with us. That is what our targets do.",
83BE4188-C024-45A7-9E99-8075FF236CD9,Rishi Sunak,2022-11-17,G20,False,"I know that this is an issue of concern for my hon. Friend, and it is right that he raises it and champions the case. I am pleased to tell him that we have sanctioned those people responsible, and we will continue to make sure we provide whatever support we can to the people who need our help.",
96069E5F-9D4D-4C81-985D-996E5FF854BF,Rishi Sunak,2022-11-17,G20,False,"Let me start by thanking the right hon. and learned Gentleman for his words about the situation in Ukraine and Russia, and for his condemnation of the Russian aggression and steadfast support for the position of the Government and, indeed, the whole House on Ukraine. The right hon. and learned Gentleman was right to ask about the further support that we will be providing. He will know that we have provided £1.5 billion in economic and humanitarian support for Ukraine, alongside, obviously, the military assistance. We are hosting a reconstruction conference in the UK next year, and there is an ongoing dialogue about what further support the Ukrainian Government need from us and others. In the short term, we are in the process of providing 25,000 pieces of winter equipment for the brave Ukrainian soldiers, but also funds to help restore some of the damage done to Ukraine’s energy infrastructure, which I know have been warmly welcomed by President Zelensky. Let me briefly turn to some of the right hon. and learned Gentleman’s other questions. On China, I very much supported President Biden in his meeting with President Xi. President Biden and I discussed that meeting at length. I believe that our approach is entirely aligned with that of the United States, and indeed our other allies such as Canada and Australia. Of course China poses significant challenges to our values, our interests and indeed our economic security. It is right that we take the necessary steps to defend ourselves against those challenges, but it is also right to engage in dialogue when that can make a difference in solving some of the pressing global challenges that we all collectively face. The right hon. and learned Gentleman asked about Northern Ireland. I have discussed this issue with my European counterparts and, indeed, with the President at various meetings, not just at the G20. I remain committed to finding a solution to the challenges posed by the protocol. It is clearly having an impact on families and businesses on the ground in Northern Ireland. The people of Northern Ireland deserve to have a functioning Executive, particularly at a time like this, and that is something that I will devote my energies to bringing about. So far I have had very constructive relationships and discussions about this issue with both the President and our European counterparts, including the Taoiseach last week. On trade, the broad, overarching comment I would make to the right hon. and learned Gentleman is that when it comes to trade deals, whoever they may be with, what I will not do is sacrifice quality for speed. I think it is important that we take the time to get trade deals right. Of course this Government believe wholeheartedly in the power and the benefits of free trade, which is something that we will champion around the world. I discussed the free trade agreement with India, and both the Prime Minister of India and I committed our teams to working as quickly as possible to see if we can bring a successful conclusion to the negotiations. The priorities of the US are in a lot of different areas, but with regard to trade—the President and I discussed this—we are deepening our economic relationship. The United States is already our single largest trading partner. We are doing more with individual states to broaden our trade relationships, and we have seen recent action on tariffs with regard to steel, aluminium and agricultural exports. All of that is good for the UK economy. Of course, we are in the process of some exciting conversations about joining the comprehensive and progressive agreement for trans-Pacific partnership. That is real evidence of our country’s commitment to the Indo-Pacific region, and is supported by the Prime Ministers of Canada, Australia and Japan. I hope that we can bring those negotiations to a conclusion in the near future. Lastly, my reflections on the summit and on attending COP are that the United Kingdom is at its best when we are an engaged and active member of the global community —when we are standing up for our values, defending our interests, spreading prosperity, and alleviating poverty and suffering. I am pleased to have had conversations with so many leaders over the past couple of days that confirmed to me that they very much welcome the UK’s support in achieving all those objectives, and that is what this Government will set about doing.",
B22DA2CC-EE8F-4C37-A2D5-F7D4E14E4E4E,Rishi Sunak,2022-11-17,G20,False,"No one can doubt my commitment personally to ensuring that the UK remains, as it is, a scientific and technological superpower. That is why we have increased the R&D budget. That is why we are deregulating to support innovation. That is why we are reforming our capital markets to get money to all the companies that need it. We will hear more from the Chancellor about that, but I can give the hon. Lady every assurance that innovation is the way we drive growth, and that is what the Government will deliver.",
603A5C3A-C452-471A-B647-3C03D3A879CA,Rishi Sunak,2022-11-30,Engagements,True,My right hon. Friend is absolutely right about the unacceptable deterioration in the quality of Avanti’s service. The Transport Secretary is rightly monitoring it and holding Avanti to account. There is a plan to increase the number of trains—with the 100 additional drivers—and restore the full direct service between Manchester and London. But what this plan needs—and I hope the Labour party supports it—is trade union co-operation.,
31F83616-6AD1-40AD-8F41-87ACD9054476,Rishi Sunak,2022-11-30,Engagements,True,"I am incredibly grateful to my hon. Friend for her dedicated work in this area. She is absolutely right to highlight the fact that, this week, the UK hosted the Preventing Sexual Violence in Conflict Initiative conference. It was an incredible success and I pay tribute to all those involved. As she said, we managed to reach a new political declaration in the conference where over 50 different countries have agreed to put an end to sexual violence in conflict. She deserves praise for all her work in this area.",
0F08BAB9-0DAB-4324-B7AE-8C4DEC5BE394,Rishi Sunak,2022-12-13,Illegal Immigration,False,"That is simply not right. We are very proud of our modern slavery system and we want to make sure that it protects those genuine victims of modern slavery. It is absolutely right that they get their cases considered properly. The reason why that is not happening at the moment is that the system is being deluged with far more claims than it was ever designed to cope with. When the impact assessment on the Modern Slavery Bill was done, it anticipated 3,500 claims a year. What we are now facing is 12,500 in just the first three quarters of this year. It is right that we focus our attention on those who most need our help, and, in doing so, we can get those people the help they need as quickly as possible.",
55889ECD-AFC9-4109-B3FE-30C905946E2A,Rishi Sunak,2023-01-11,Engagements,True,"I do not think we need to talk about our predecessors, but I remember—[Interruption.] If I am not mistaken, it was one of the hon. Gentleman’s predecessors who worked for Russia Today. The hon. Gentleman talks about priorities. Yesterday the SNP spent time talking yet more about independence at a time when we should be talking about delivering for people across the United Kingdom, focusing on their jobs and improving the NHS throughout the UK, in Scotland and, indeed, everywhere else. That is the kind of thing I want to talk to the Scottish Government about, and I hope the hon. Gentleman will work with me to do that.",
43E51AE8-8F80-4425-A4B4-115DCE3CCC93,Rishi Sunak,2023-01-25,Engagements,True,"Of course we believe in freedom of religious expression and belief in this country, but we are also balancing that with the rights of women to seek legal and safe abortions. That is currently being discussed in this Parliament. These are always matters of a free vote, and I know that Members will treat them with the sensitivity they deserve.",
23B7E030-BEC5-4987-A54F-64CDF4D0ECB6,Rishi Sunak,2023-01-25,Engagements,True,"Over the last few years, the United Kingdom has opened up its hearts and homes to hundreds of thousands of people from Syria, Afghanistan, Ukraine and Hong Kong and provided refuge and sanctuary to many children in that process, but the reports that we have read about are concerning. Local authorities have a statutory duty to protect all children regardless of where they go missing from, and in that situation they work closely with local agencies, including the police, to establish their whereabouts. That is why it is so important that we end the use of hotels for unaccompanied asylum seekers and reduce pressure on the overall system. That is what our plans will do.",
1A25A36C-4943-4B4B-A6C0-39DF65FCBD28,Rishi Sunak,2023-02-01,Engagements,True,"It is very sad to hear the case of Ella, and our thoughts and hearts go out to her family. Regarding the legislation, my right hon. Friend the Secretary of State for Environment, Food and Rural Affairs will make a statement later today. We are confident that the measures we are putting in place are not only legally binding but world leading in tackling air quality. The record over the past 10 years is one in which every single air particulate has been reduced, with binding targets to continue reducing them in future. Indeed, the Environment Act 2021 makes sure that we have the capability, accountability and ambition that we need to make all the effective interventions to drive down air pollution.",
6D3E2061-60A0-4322-AF4A-89AC4B1C9CC5,Rishi Sunak,2023-02-08,Engagements,True,"We recently announced £14 billion more for health and social care. Part of that money will go to a new discharge fund to speed the discharge of people from hospital back into their homes and communities. That money is already making a difference on the ground. We can see the numbers of people unnecessarily in hospitals are already reducing, easing the burdens in our accident and emergency departments. That comes on top of the money we have invested to improve the training, recruitment and development of our valued social care staff, and that will make sure that we can reduce vacancy rates, increase retention and get the workforce that we know we need.",
FDEA3D75-45DA-4BF5-906E-195E24435942,Rishi Sunak,2023-02-27,Northern Ireland Protocol,False,"I thank my right hon. Friend for his support and also for his invaluable advice over the past few weeks. I agree with him. He is right to highlight illegal migration in particular, as well as economic co-operation. That is a priority for this Government, as we have demonstrated. The Home Secretary is working with the French and that co-operation is yielding benefits. We continue to want to do more of that, and I know that he will support those efforts.",
3CA46C6A-310C-4C5F-9F23-9F71DDB4EF30,Rishi Sunak,2023-02-27,Northern Ireland Protocol,False,"It will depend on what the manufacturer is producing. For a large chunk of manufacturing goods, there are no international or EU standards; they are all produced to UK standards, whether that is clothing, furniture, bicycles, homewares and the like. The other 3,500 manufacturing goods standards are all international standards. Even though the standards may be named as EU, they are all the same as the ones we have in the UK, because that is what the EU and the UK committed to in the trade and co-operation agreement. If my hon. Friend looks at those 3,500 manufacturing standards, I think he will find that there are only 11 that are different between the EU and the UK. That is 0.3%. In most of those cases, the UK standards are higher, as it turns out, than the EU ones. This is a good framework and a good deal for manufacturing in Northern Ireland. I have spent time engaging with those businesses. They value their dual market access and they value unfettered access to the rest of the United Kingdom. They want the free flow of goods within the UK internal market. This framework delivers for them and it delivers for the businesses of Northern Ireland.",
4E513B8B-4588-4DA3-AB4D-D8A03046C573,Rishi Sunak,2023-03-08,Engagements,True,"My hon. Friend has raised this issue before, and he is right to do so. The Government have doubled our investment in flood defences over this Parliament, to £5.2 billion. I know that the DEFRA Secretary will talk to him and his communities on her visit, and I look forward to hearing back from her after that.",
9B0B57C6-0221-4F9E-8405-49FC78BF6DE6,Rishi Sunak,2023-03-15,Engagements,True,"As I just said, the independent Office of the Commissioner for Public Appointments is reviewing what was a rigorous, independent process to appoint the chairman. Instead of prejudging and pre-empting that review, we should let it conclude and wait for the outcome. That is the right way to do things, and that is what the Government will do.",
EB1ACA32-4861-4A04-8C35-6D7765314812,Rishi Sunak,2023-04-19,Engagements,True,"It is called The Pensions Increase (Pension Scheme for Keir Starmer QC) Regulations 2013. We are introducing a transformative policy to help doctors to cut the waiting lists faster. The right hon. and learned Gentleman wants to raise taxes on public sector workers. It is, literally, one law for him and tax rises for everyone else. [Interruption.]",
AA25A51E-5333-417C-B230-2C0C98E96F16,Rishi Sunak,2023-04-26,Engagements,True,"It is vital that people can access the NHS services they need, and particularly emergency care, which is why we are investing an extra £1 billion of dedicated funding to support urgent and emergency care services. My hon. Friend will know that specific provision is a matter for local NHS commissioners and providers, because plans for those things need to be developed locally and take into account the expanding needs of local populations. I know that my hon. Friend will continue to engage with his local NHS trust to ensure that the views of his constituents and communities are well known and adequately provided for.",
35ECBC38-861F-4A9F-9B58-ACED57DB7334,Rishi Sunak,2023-05-10,Engagements,True,"This morning, I had meetings with ministerial colleagues and others. In addition to my duties in this House, I shall have further such meetings later today.",
DE2EAB73-E41E-4A73-84A0-10BE79EC8E54,Rishi Sunak,2023-05-10,Engagements,True,"The hon. Gentleman makes an excellent point and is a passionate champion, as he should be, for his local fishing communities. He is right to highlight the concerns that have been raised not just by them but by members of the SNP about the potentially damaging impact of plans to introduce the highly protected marine areas in the way that they are. I would encourage the SNP Government to continue working with the Scottish fishing industry and coastal communities to understand their concerns. As we have seen them recently U-turn on other poorly thought-out decisions, hopefully they can re-look at this one, too.",
2EC61AB6-54F7-4CED-9981-0278527B7698,Rishi Sunak,2023-05-22,G7 Summit,False,"What we are focused on is growing our semiconductor industry and making sure that we are resilient against future shocks. There are lots of different ways to do that. Indeed, we just signed a new semiconductor deal with Japan, as the hon. Member acknowledged, and we will continue to find opportunities to do that with others, but the idea that we can insource a global manufacturing supply chain in the UK is simply not right. We should focus on our strengths. We will support manufacturing where it makes sense. In compound manufacturing in particular, the capital intensity is far less than in more basic fabs and chips, so we have a strategy that works for the UK’s strength, and particularly works for south Wales, and I am confident that it will be successful.",
67C06C78-18BD-4226-AC08-90587FDAAE07,Rishi Sunak,2023-09-06,Engagements,True,"I know that the right hon. and learned Gentleman comes here with prepared scripts, but he has not listened to a single fact, over six questions, about the record amounts of funding going into schools, or the incredible reforms to education impacting the most disadvantaged children in our society—a record that we are rightly proud of. Yes, we can name the schools: that is because we are reacting to information and publishing it so that we know where the issues are—something that we are still waiting for from the Welsh Government. Of course the right hon. and learned Gentleman wants to score political points from something that we are dealing with in the right and responsible way, but I note that he has not mentioned a single other thing that has happened since we last met at the Dispatch Box. He talked about hard-working families across Britain, but what has happened to energy bills? Down. What has happened to inflation? Down. What has happened to small boat crossings? Down. And what has happened to economic growth? It has gone up. The right hon. and learned Gentleman tried time and again to talk down the British economy, but thankfully, people were not listening. His entire economic narrative has been demolished, and the Conservatives are getting on delivering for Britain. [Hon. Members: “More!”]",
C4BDA2B4-A89E-42CF-A691-7C9068309119,Rishi Sunak,2023-09-13,Engagements,True,"As my hon. Friend knows, some of the topics he raises will be commercial matters for the company, but I do know that this is a concerning time for workers at Wilko. My right hon. Friend the Business Secretary is keeping close to developments and we have already started supporting those who have been made redundant, and we stand ready to support others to the fullest of our abilities.",
94F66FAC-9BDD-467A-8307-6FA5AC20139E,Rishi Sunak,2023-10-16,Israel and Gaza,False,"I thank my right hon. Friend for welcoming me to her constituency this morning, and for joining me on what was an incredibly powerful visit to one of her local schools. I praise the courage and eloquence of the students we heard, who were incredible in explaining how this has affected them and their families. She has my assurance that we will continue to stand with Israel, as I said this morning, not just today, not just tomorrow, but always.",
19A26C37-23BB-40FD-8D60-18148B46B20A,Rishi Sunak,2023-10-16,Israel and Gaza,False,"I thank the right hon. Gentleman for his remarks. I do not know the details of the incident that he has described, but he is right that this malicious activity should not be happening in schools. We are absolutely clear about the fact that under the Terrorism Acts 2000 and 2006 it is an offence—there is a range of offences—to encourage terrorism, glorify and support groups that have been proscribed as terrorist organisations under UK law. The police will use all the tools at their disposal to stamp that out and arrest those who perpetrate such acts.",
81BB4A6F-02E8-4DC4-B972-72CA4ACE7CB0,Rishi Sunak,2023-10-16,Israel and Gaza,False,I can assure the hon. Lady that we are working very hard with partners across the region to bring humanitarian aid to the people who need it as soon as practically possible.,
CC30D5E2-000E-4CBF-8B0B-C20B02D3532E,Rishi Sunak,2023-10-23,Israel and Gaza,False,"We are working on efforts to get more humanitarian aid into Gaza. The crossing is now open, aid is being pre-positioned to el-Arish and neighbouring areas, and we are intensifying our conversations on logistical support as well as further financial support. I am pleased that the hon. Lady’s constituent’s family were able to exit—I assume via the west bank. Just for Members’ information, we are also working on that side of the conflict to ensure we can support those British nationals who have registered with the Foreign Office in their safe departure from the west bank, should they so choose. Border Force teams and others are engaged on that side of the conflict as well.",
6F83F0EE-C988-4989-9CC5-7A71FBD5EBD7,Rishi Sunak,2023-11-22,Engagements,True,"I thank my hon. Friend for raising this important issue and for continuing to be a fantastic campaigner on birth trauma. I am pleased that the first ever debate in Parliament on birth trauma was held recently, in October. It was powerful and moving, and it highlighted the significant impact that birth trauma can have on so many women’s lives. The Department of Health and Social Care is working with NHS England to make sure we improve maternity care and related mental healthcare. I will ensure the Health Secretary meets with my hon. Friend so that we can get this right for all the women who are depending on it.",
68EB7E9C-CB74-4A89-A056-E27328D57BFD,Rishi Sunak,2023-11-22,Engagements,True,"We welcome the agreement reached overnight. As I said, it is something that we have consistently pushed for and is a crucial first step as we try to resolve this situation and, indeed, the humanitarian crisis in Gaza. Of course, we want to see all hostages released as quickly as possible, including British nationals, and I urge all parties involved to deliver the agreement in full. I also put on record my thanks to Qatar for its important role. We will continue to work with the United States and Israel to ensure the safe return of hostages and maximise the opportunity of this temporary pause to step up aid to suffering civilians in Gaza. It is something that we have pushed for, that we have continued to do and that the UK is playing a leading role in delivering.",
307E86C1-D046-429B-8E39-61B83B19A9C7,Rishi Sunak,2023-11-29,Engagements,True,"My hon. Friend is absolutely right about the importance of high-quality bus services. That is why we have capped the cost of travelling on buses at £2 until the end of 2024 as a result of our decision on HS2, and why we have supported councils with £1 billion of funding. I urge all councils to ensure that people see the benefit of that investment, and I wholeheartedly back my hon. Friend’s campaign.",
B70A8213-DB3D-44FF-AFB5-5D0C58E258B8,Rishi Sunak,2023-11-29,Engagements,True,"I know that my hon. Friend campaigns passionately for the delivery of first-class healthcare for her constituents. Like her, I welcome the investment that the Alexandra Hospital has had in recent years in a range of different services. She will know that reconfigurations of services are, of course, clinically led local decisions following the appropriate engagement with patients and stakeholders, but I know that she will continue to make her case on behalf of her community.",
FDD80E67-9C0A-482C-8800-098453D49DD8,Rishi Sunak,2024-01-15,Defending the UK and Allies,False,"Let me tell my hon. Friend that she is right and we agree with the US assessment that Iran has directly supplied and directly supported Houthi attacks in the Red sea, providing intelligence, especially to enable their targeting of vessels, and providing them with missiles and unmanned aerial vehicles. She is right to say that we should do everything we can to prevent that, and I reassure her on that. She will know about the measures we have taken over the past two years on financial transparency and beneficial ownership registers, which allow us to crack down on economic crime and money laundering. Physically, the Royal Navy is involved in interdicting shipments, as it has done successfully last year and the year before. It will continue to have a presence in the region so that we can disrupt those illegal arms flows.",
98F1BDAD-FD3E-4B06-A80C-0F17359B0032,Rishi Sunak,2024-01-15,Defending the UK and Allies,False,"I thank my hon. Friend for his comments. In this case, it was necessary to strike with speed and protect the security of the operations. I believe that that is in accordance with the convention and, indeed, precedent on these matters. My hon. Friend is right: the Government need to protect the security interests of the United Kingdom. That means that sometimes we have to act decisively, quickly and securely. Fundamentally, we need to maintain the prerogative powers that allow the Executive to act in such emergencies, but of course I am responsible for those decisions, I do not take them lightly, and Parliament is responsible for holding me to account for them.",
412475FA-F7BE-4963-B8CF-06FD28995FF4,Rishi Sunak,2024-01-15,Defending the UK and Allies,False,I agree with everything my hon. Friend says. He is absolutely right that there is a risk in inaction. To have done nothing in the face of these attacks would have been to damage the security of our people and our interests.,
3407EEF6-3553-407C-9FB8-A45A83F0A24E,Rishi Sunak,2024-01-15,Defending the UK and Allies,False,"My hon. Friend is absolutely right to point out the impact of what is happening in the Red sea on British families at home. Some 15% of global trade passes through this corridor, and as we are seeing, if that has to reroute, it will have a direct consequence on the prices that British families pay. As we saw with the Ukraine and Russia situation, we cannot ignore what is happening. We need to act to protect British people and ensure their economic security.",
5C59762D-9870-4309-9998-998ABCC50ADB,Rishi Sunak,2024-01-23,Action Against Houthi Maritime Attacks,False,"I thank my right hon. Friend for his question. I want to be absolutely clear that no decision has been taken to embark on a sustained campaign of the nature that he mentioned—these were limited strikes, specifically in response to threats that we perceived—but we do reserve the right to take action in self-defence, as I have said. Crucially, the military action is just one part of a broader strategy, including diplomacy, sanctions and other things; we will use all levers to bring about an end to the disruption and the illegality that the Houthis are causing.",
B8241032-5FD0-400B-9BD6-D536C6EFA0C8,Rishi Sunak,2024-01-24,Engagements,True,"My hon. Friend is correct: local transport projects are and must be prioritised, and every region of our country will have more transport investment as a result of the decision that we made on HS2. Work is under way to consider potential upgrades to the west coast main line, including improvements at Preston station which may support additional local services from south Fylde. I know that the Rail Minister is considering these options carefully as we speak, and will update my hon. Friend in due course.",
12EC7B24-7453-48CE-9503-ACE23776FB92,Rishi Sunak,2024-01-31,Engagements,True,"I am very sorry to hear about Millie’s case, and I am sure that if there are specific aspects of it that need to be examined, the Health Secretary will follow them up with the right hon. Gentleman. More generally, we want to make sure that everyone gets the care they deserve, which is why we are not just investing record sums in the NHS but ensuring that there are record numbers of doctors, nurses and new, innovative forms of treatment such as surgical hubs and virtual wards. All that is showing that ambulance times, which the right hon. Gentleman mentioned, are lower today than they were this time last year.",
A19B191D-773B-4F08-9C51-9EA6D22B732A,Rishi Sunak,2024-02-07,Engagements,True,"My hon. Friend is absolutely right to highlight the importance of our apprenticeship provision, which is providing young people with opportunities across the country, particularly in the defence and aerospace sectors, as she said. Those plans are in stark contrast to those of the Labour party, which has caved in to big business and is now proposing to halve the amount of apprenticeship funding and the number of apprenticeships.",
4E210AD2-9999-4ABA-A291-536F29293F4D,Rishi Sunak,2024-02-21,Engagements,True,"As I said, this is one of the greatest miscarriages of justice in our country’s history. I do not think it is one that the Leader of the Opposition ever raised with me during these exchanges over the past year, but we are working hard to get victims not just the answers but the compensation that they deserve. We now have a statutory inquiry led by Sir Wyn Williams, who has the powers to get access to all the documentation that he requires and to speak to everybody that he needs to. That is the right and proper way to get the truth that the victims deserve, but in the meantime, we are not wasting a moment to get victims the compensation they deserve. The legislation will be before the House shortly.",
23166142-F41C-48D3-82DA-4203914E9F25,Rishi Sunak,2024-02-21,Engagements,True,"I thank my hon. Friend, who speaks from a point of authority. He knows that we have high standards to ensure that GPs provide services from premises that meet all the required criteria, but I understand it is possible for those services to be provided at alternative locations that meet the contract requirements. I will happily ensure that the Health and Social Care Secretary looks into his suggestions about more flexibility. He will also welcome our recent plans to expand the range of services available at pharmacies, saving many people time and hassle to get treatment for seven common ailments at their local pharmacist, easing the pressure on our GPs and speeding up the care that people deserve.",
8F05BAEA-FDE4-43FD-8567-321F3A87C01B,Rishi Sunak,2024-03-13,Engagements,True,"My hon. Friend raises an excellent question, because while Conservative Members believe in a country where hard work is rewarded and people can keep more of their hard-earned money—which is why we are cutting their taxes by an average of £900 each—we hear consistently from Labour Members that they not only disagree with that approach, but continue to cling to unfunded spending promises that would put taxes up. Also, just yesterday the shadow Chief Secretary to the Treasury, the hon. Member for Bristol North West (Darren Jones), described our plan to end the double taxation on work as “morally abhorrent”. That is the contrast between us and them: Labour will put your taxes up, and the Conservatives will keep cutting them.",
10FF545D-0120-4C2B-ACD4-E9DC78BECE3C,Rishi Sunak,2024-03-20,Engagements,True,"It is crystal clear that not only does the Labour party not have a plan to fix this issue, but the truth is it does not actually care about fixing this issue. The right hon. and learned Gentleman talks about gangs. When we gave the police new powers to crack down on the people-smuggling gangs, he spent months campaigning and voting against it. But thanks to our new laws, 900 criminals have been arrested and 450 have been convicted, serving over 370 years behind bars. If it was up to him, those criminals would still be out on our streets. The truth is that, if he was not the Labour leader, he would still want to be their lawyer. [Hon. Members: “More!]",
11F161D2-FEAD-46FB-949B-70255F2123FE,Rishi Sunak,2024-03-20,Engagements,True,"We continue to call for Israel to respect international humanitarian law and for civilians to be protected. Too many civilians have been killed and we want Israel to take greater care to limit its operations to military targets. Those are points that both I and the Foreign Secretary have made repeatedly to Prime Minister Netanyahu. We have previously assessed that Israel is committed and capable of complying with international humanitarian law, and of course we always keep that under review.",
DA4C82E8-B635-48DB-BA3D-8EB970285F8B,Rishi Sunak,2024-04-15,Iran-Israel Update,False,"I thank my right hon. Friend for his question. He will know that individual equipment and capability decisions will be made by a service chief, in conjunction with Ministers. I am happy to look at the point he raised, but we are increasing our purchases of F-35 aircraft and collaborating with Japan and Italy on building the next generation of fighter aircraft—something in which we are leading the world. It will be fantastic for British jobs here at home.",
82E9EA5F-62A8-4C65-9A2E-8C944D579BDF,Rishi Sunak,2024-04-15,Iran-Israel Update,False,"We have called for an immediate humanitarian pause to get the hostages out and aid in, and we will continue to do so. I am completely comfortable that what we did over the weekend was the right thing, acting together with allies to make sure that we could act in defence of Israel in the face of an unprecedented attack on its territory and people.",
7394A55A-EEC8-4F32-9682-1C0CD0DACA13,Rishi Sunak,2024-04-15,Iran-Israel Update,False,"Of course we want to see, and remain committed to, a two-state solution, and we are working hard to bring that about, but the biggest cause of regional instability is the pernicious influence of Iran, and nobody else.",
4B4E63AC-76E3-4574-9CA7-80C9A0456914,Rishi Sunak,2024-04-15,Iran-Israel Update,False,"As I said, I do not think there is any equivalence between what Vladimir Putin is doing in Ukraine and what Israel is doing to ensure the security of its citizens in the face of an appalling terrorist attack.",
0E2A4E44-A2BC-4A70-8745-5483BC2EC09C,Rishi Sunak,2024-04-15,Iran-Israel Update,False,"I am not going to speculate on hypotheticals. As I said, we have sent additional jets and air refuelling tankers to bolster our existing operation in the region. We will obviously keep next steps under review.",
2A6D0071-47EE-4CAB-83D9-DF44C9B1593B,Rishi Sunak,2024-04-17,Engagements,True,"I thank my hon. Friend for highlighting how Bracknell Forest Council has worked positively with the Department for Education through the safety valve programme. As part of that agreement, the council will receive £16 million in extra funding over the next few years to provide the vital education that his constituents deserve. I am told that the Department is still reviewing capital bids for the safety valve programme, but it will be in touch with local authorities directly as soon as possible.",
9118CD1B-F6CC-4136-BF3F-8DBCAB7A31D9,Rishi Sunak,2024-05-01,Engagements,True,"I am glad to actually see the hon. Member for Central Suffolk and North Ipswich (Dr Poulter) in the House, because he recently pointed out that residents under his local Labour council are “charged much more in council tax but in return receive…lower quality” services. He has been wrong about some things recently, but on that point he is absolutely right, and this week, people everywhere should vote Conservative.",
66DFE482-D0A2-4FF1-92E5-FE76A462FE77,Rishi Sunak,2024-05-08,Engagements,True,"Let me first extend my sympathies to Ann’s family for what she went through. Obviously that is not appropriate, and I will ensure that the Department engages with the right hon. Gentleman and Ann’s family on the proposed law. He is right to say that we should have high standards across the care industry, and we are working towards more investment to support our care home staff, making sure that they have training qualifications and development, and that we have a regime that can hold everyone to account for delivering the high standards that we would all expect.",
B6DBB215-9104-4D27-8B16-967763F6E125,Rishi Sunak,2024-05-22,Engagements,True,"The Foreign Secretary also said that the levels of legal migration to this country are too high. That is what I also believe, which is why it is right that we are taking decisive action to bring down the numbers. And that plan is working. In the first three months of this year, the visas issued are down by 25% and migration is on its way to being returned to more sustainable levels. I appreciate that that is a point of difference between the right hon. Gentleman’s party, and indeed the Labour party, and us. We believe that that level of migration needs to come down to more sustainable levels, so that we ease the pressure on public services. Everyone who comes to our country must contribute economically. That is the migration system that we will deliver.",
